Pressure_kPa,Displacement_mm,Force_N,InternalEnergy_mJ
0,0,-4.00E-15,7.41e-14
0.01,0,0.000700401,0.000157628
0.02,0,0.00140895,0.000630863
0.035,0,0.00248708,0.00193364
0.0575,0,0.0041388,0.00522541
0.09125,0,0.00669427,0.0131848
0.14125,0,0.0106528,0.0316814
0.19125,0,0.0148185,0.0582446
0.24125,0,0.0191925,0.0929433
0.29125,0,0.0237764,0.135847
0.34125,0,0.0285715,0.187027
0.39125,0,0.0335791,0.246555
0.44125,0,0.0388006,0.314504
0.49125,0,0.0442374,0.390947
0.54125,0,0.0498909,0.47596
0.59125,0,0.0557626,0.569617
0.64125,0,0.0618538,0.671998
0.69125,0,0.0681661,0.783178
0.74125,0,0.0747008,0.903238
0.79125,0,0.0814594,1.03226
0.84125,0,0.0884435,1.17032
0.89125,0,0.0956545,1.31751
0.94125,0,0.103094,1.4739
0.99125,0,0.110763,1.63959
1,0,0.112125,1.66954
1,0,0.112125,1.66954
1.01,0,0.113695,1.70413
1.02,0,0.115274,1.7391
1.035,0,0.11766,1.79225
1.0575,0,0.121279,1.87358
1.09125,0,0.126796,1.99919
1.14125,0,0.135166,2.19328
1.19125,0,0.143772,2.39702
1.24125,0,0.152615,2.61049
1.29125,0,0.161697,2.8338
1.34125,0,0.17102,3.06703
1.39125,0,0.180587,3.31029
1.44125,0,0.190397,3.56366
1.49125,0,0.200454,3.82725
1.54125,0,0.210759,4.10115
1.59125,0,0.221313,4.38548
1.64125,0,0.232119,4.68033
1.69125,0,0.243177,4.98581
1.74125,0,0.254491,5.30202
1.79125,0,0.266061,5.62908
1.84125,0,0.27789,5.96709
1.89125,0,0.289979,6.31616
1.94125,0,0.302331,6.67641
1.99125,0,0.314946,7.04796
2,0,0.317172,7.11414
2,0,0.317172,7.11414
2.01,0,0.319736,7.19021
2.02,0,0.322311,7.26675
2.035,0,0.326193,7.38241
2.0575,0,0.332063,7.55785
2.09125,0,0.340971,7.8254
2.14125,0,0.354395,8.23155
2.19125,0,0.368088,8.64946
2.24125,0,0.382053,9.07928
2.29125,0,0.396293,9.52112
2.34125,0,0.410812,9.97511
2.39125,0,0.425611,10.4414
2.44125,0,0.440691,10.9201
2.49125,0,0.456056,11.4114
2.54125,0,0.471707,11.9153
2.59125,0,0.487647,12.4321
2.64125,0,0.503877,12.9619
2.69125,0,0.5204,13.5048
2.74125,0,0.537217,14.061
2.79125,0,0.554333,14.6306
2.84125,0,0.571747,15.2138
2.89125,0,0.589464,15.8107
2.94125,0,0.607485,16.4215
2.99125,0,0.625812,17.0464
3,0,0.629034,17.1571
3,0,0.629034,17.1571
3.01,0,0.632745,17.2843
3.02,0,0.636475,17.4121
3.035,0,0.642082,17.6048
3.0575,0,0.650557,17.8962
3.09125,0,0.663385,18.3389
3.14125,0,0.682655,19.007
3.19125,0,0.702236,19.6897
3.24125,0,0.722133,20.3874
3.29125,0,0.742351,21.1002
3.34125,0,0.762893,21.8282
3.39125,0,0.783762,22.5717
3.44125,0,0.80496,23.3309
3.49125,0,0.82649,24.1059
3.54125,0,0.848355,24.897
3.59125,0,0.870557,25.7043
3.64125,0,0.893099,26.5281
3.69125,0,0.915984,27.3685
3.74125,0,0.939215,28.2258
3.79125,0,0.962795,29.1003
3.84125,0,0.986726,29.992
3.89125,0,1.01101,30.9013
3.94125,0,1.03566,31.8284
3.99125,0,1.06066,32.7735
4,0,1.06504,32.9407
4,0,1.06504,32.9407
4.01,0,1.07009,33.1325
4.02,0,1.07518,33.3251
4.035,0,1.0828,33.6154
4.0575,0,1.09433,34.0539
4.09125,0,1.11174,34.7188
4.14125,0,1.13786,35.7195
4.19125,0,1.16434,36.7392
4.24125,0,1.1912,37.7782
4.29125,0,1.21843,38.8368
4.34125,0,1.24605,39.9152
4.39125,0,1.27406,41.0137
4.44125,0,1.30245,42.1326
4.49125,0,1.33124,43.2722
4.54125,0,1.36042,44.4328
4.59125,0,1.39001,45.6148
4.64125,0,1.42,46.8183
4.69125,0,1.45039,48.0438
4.74125,0,1.4812,49.2916
4.79125,0,1.51243,50.562
4.84125,0,1.54407,51.8554
4.89125,0,1.57614,53.1721
4.94125,0,1.60863,54.5124
4.99125,0,1.64156,55.8768
5,0,1.64731,56.1178
5,0,1.64731,56.1178
5.01,0,1.65394,56.3944
5.02,0,1.66066,56.6722
5.035,0,1.67065,57.0905
5.0575,0,1.68582,57.7222
5.09125,0,1.70868,58.6792
5.14125,0,1.74295,60.1182
5.19125,0,1.77765,61.5827
5.24125,0,1.81279,63.0733
5.29125,0,1.84839,64.5903
5.34125,0,1.88445,66.1342
5.39125,0,1.92097,67.7056
5.44125,0,1.95797,69.3047
5.49125,0,1.99544,70.9322
5.54125,0,2.03338,72.5885
5.59125,0,2.07182,74.274
5.64125,0,2.11074,75.9895
5.69125,0,2.15015,77.7352
5.74125,0,2.19006,79.5119
5.79125,0,2.23048,81.32
5.84125,0,2.2714,83.1602
5.89125,0,2.31284,85.033
5.94125,0,2.35479,86.9391
5.99125,0,2.39727,88.879
6,0,2.40468,89.2214
6,0,2.40468,89.2214
6.01,0,2.41329,89.6148
6.02,0,2.42185,90.0094
6.035,0,2.43481,90.6042
6.0575,0,2.4543,91.5022
6.09125,0,2.48378,92.8628
0,-2.5,0.302638,0.384682
0.01,-2.5,0.303486,0.384821
0.02,-2.5,0.304342,0.385256
0.035,-2.5,0.30564,0.386464
0.0575,-2.5,0.307622,0.389527
0.09125,-2.5,0.310671,0.39695
0.14125,-2.5,0.315357,0.414221
0.19125,-2.5,0.320246,0.439039
0.24125,-2.5,0.325338,0.471466
0.29125,-2.5,0.330636,0.511564
0.34125,-2.5,0.33614,0.559398
0.39125,-2.5,0.341852,0.615032
0.44125,-2.5,0.347773,0.678533
0.49125,-2.5,0.353905,0.749967
0.54125,-2.5,0.36025,0.829402
0.59125,-2.5,0.366807,0.916906
0.64125,-2.5,0.373579,1.01255
0.69125,-2.5,0.380568,1.1164
0.74125,-2.5,0.387774,1.22854
0.79125,-2.5,0.395198,1.34902
0.84125,-2.5,0.402844,1.47794
0.89125,-2.5,0.410711,1.61536
0.94125,-2.5,0.418801,1.76135
0.99125,-2.5,0.427117,1.916
1,-2.5,0.42859,1.94396
1,-2.5,0.42859,1.94396
1.01,-2.5,0.430288,1.97624
1.02,-2.5,0.431995,2.00887
1.035,-2.5,0.434573,2.05848
1.0575,-2.5,0.438478,2.13438
1.09125,-2.5,0.444424,2.25158
1.14125,-2.5,0.453426,2.43267
1.19125,-2.5,0.462656,2.62273
1.24125,-2.5,0.472118,2.82185
1.29125,-2.5,0.481815,3.03011
1.34125,-2.5,0.491746,3.2476
1.39125,-2.5,0.501915,3.4744
1.44125,-2.5,0.512323,3.7106
1.49125,-2.5,0.522971,3.95629
1.54125,-2.5,0.533861,4.21156
1.59125,-2.5,0.544995,4.47651
1.64125,-2.5,0.556375,4.75122
1.69125,-2.5,0.568002,5.03579
1.74125,-2.5,0.579877,5.33031
1.79125,-2.5,0.592004,5.6349
1.84125,-2.5,0.604383,5.94963
1.89125,-2.5,0.617016,6.27462
1.94125,-2.5,0.629905,6.60997
1.99125,-2.5,0.643052,6.95578
2,-2.5,0.645368,7.01737
2,-2.5,0.645368,7.01737
2.01,-2.5,0.648038,7.08817
2.02,-2.5,0.650719,7.15939
2.035,-2.5,0.654756,7.26703
2.0575,-2.5,0.660862,7.43027
2.09125,-2.5,0.670119,7.67921
2.14125,-2.5,0.684056,8.05706
2.19125,-2.5,0.698255,8.44579
2.24125,-2.5,0.712719,8.84554
2.29125,-2.5,0.727452,9.25641
2.34125,-2.5,0.742457,9.67852
2.39125,-2.5,0.757735,10.112
2.44125,-2.5,0.773288,10.5569
2.49125,-2.5,0.789118,11.0135
2.54125,-2.5,0.805228,11.4818
2.59125,-2.5,0.821619,11.9619
2.64125,-2.5,0.838294,12.454
2.69125,-2.5,0.855255,12.9582
2.74125,-2.5,0.872503,13.4747
2.79125,-2.5,0.890042,14.0036
2.84125,-2.5,0.907872,14.545
2.89125,-2.5,0.925998,15.099
2.94125,-2.5,0.94442,15.6659
2.99125,-2.5,0.963141,16.2457
3,-2.5,0.96643,16.3485
3,-2.5,0.96643,16.3485
3.01,-2.5,0.970219,16.4665
3.02,-2.5,0.974028,16.585
3.035,-2.5,0.979747,16.7638
3.0575,-2.5,0.988395,17.0342
3.09125,-2.5,1.00148,17.4448
3.14125,-2.5,1.02112,18.0644
3.19125,-2.5,1.04107,18.6975
3.24125,-2.5,1.06132,19.3444
3.29125,-2.5,1.08188,20.0052
3.34125,-2.5,1.10277,20.68
3.39125,-2.5,1.12397,21.369
3.44125,-2.5,1.14549,22.0725
3.49125,-2.5,1.16734,22.7905
3.54125,-2.5,1.18951,23.5232
3.59125,-2.5,1.21201,24.2709
3.64125,-2.5,1.23485,25.0338
3.69125,-2.5,1.25802,25.8119
3.74125,-2.5,1.28152,26.6055
3.79125,-2.5,1.30537,27.4149
3.84125,-2.5,1.32956,28.2401
3.89125,-2.5,1.3541,29.0815
3.94125,-2.5,1.37899,29.9391
3.99125,-2.5,1.40422,30.8133
4,-2.5,1.40865,30.968
4,-2.5,1.40865,30.968
4.01,-2.5,1.41374,31.1453
4.02,-2.5,1.41888,31.3235
4.035,-2.5,1.42656,31.5919
4.0575,-2.5,1.43819,31.9974
4.09125,-2.5,1.45575,32.6122
4.14125,-2.5,1.48208,33.5374
4.19125,-2.5,1.50876,34.48
4.24125,-2.5,1.53581,35.4403
4.29125,-2.5,1.56322,36.4185
4.34125,-2.5,1.59102,37.4148
4.39125,-2.5,1.61919,38.4296
4.44125,-2.5,1.64774,39.4631
4.49125,-2.5,1.67667,40.5155
4.54125,-2.5,1.706,41.5872
4.59125,-2.5,1.73571,42.6784
4.64125,-2.5,1.76582,43.7893
4.69125,-2.5,1.79633,44.9204
4.74125,-2.5,1.82725,46.0718
4.79125,-2.5,1.85857,47.2439
4.84125,-2.5,1.8903,48.437
4.89125,-2.5,1.92244,49.6514
4.94125,-2.5,1.95501,50.8874
4.99125,-2.5,1.98799,52.1455
5,-2.5,1.99376,52.3677
5,-2.5,1.99376,52.3677
5.01,-2.5,2.00039,52.6226
5.02,-2.5,2.00714,52.8787
5.035,-2.5,2.01713,53.2644
5.0575,-2.5,2.03232,53.8467
5.09125,-2.5,2.05521,54.7288
5.14125,-2.5,2.08953,56.055
5.19125,-2.5,2.12424,57.4045
5.24125,-2.5,2.15941,58.7778
5.29125,-2.5,2.19502,60.1753
5.34125,-2.5,2.23108,61.5974
5.39125,-2.5,2.2676,63.0445
5.44125,-2.5,2.30458,64.517
5.49125,-2.5,2.34203,66.0153
5.54125,-2.5,2.37995,67.54
5.59125,-2.5,2.41835,69.0914
5.64125,-2.5,2.45723,70.6701
5.69125,-2.5,2.49659,72.2765
5.74125,-2.5,2.53645,73.9111
5.79125,-2.5,2.5768,75.5744
5.84125,-2.5,2.61766,77.267
0,-5,0.58077,1.49883
0.01,-5,0.581748,1.49894
0.02,-5,0.582732,1.49932
0.035,-5,0.584223,1.50042
0.0575,-5,0.586492,1.50323
0.09125,-5,0.589971,1.51009
0.14125,-5,0.59529,1.5261
0.19125,-5,0.600806,1.54916
0.24125,-5,0.606519,1.5793
0.29125,-5,0.612433,1.6166
0.34125,-5,0.618547,1.66111
0.39125,-5,0.624865,1.71288
0.44125,-5,0.631385,1.77198
0.49125,-5,0.638111,1.83846
0.54125,-5,0.645043,1.91239
0.59125,-5,0.652183,1.99383
0.64125,-5,0.659532,2.08284
0.69125,-5,0.667091,2.17948
0.74125,-5,0.674862,2.28383
0.79125,-5,0.682845,2.39593
0.84125,-5,0.691043,2.51586
0.89125,-5,0.699457,2.64369
0.94125,-5,0.708088,2.77949
0.99125,-5,0.716937,2.92332
1,-5,0.718502,2.94932
1,-5,0.718502,2.94932
1.01,-5,0.720307,2.97934
1.02,-5,0.722119,3.00968
1.035,-5,0.724854,3.05581
1.0575,-5,0.728996,3.12638
1.09125,-5,0.735293,3.23536
1.14125,-5,0.74481,3.40371
1.19125,-5,0.75455,3.58038
1.24125,-5,0.764513,3.76545
1.29125,-5,0.774705,3.95899
1.34125,-5,0.785125,4.16107
1.39125,-5,0.795775,4.37178
1.44125,-5,0.806658,4.59119
1.49125,-5,0.817774,4.81938
1.54125,-5,0.829125,5.05644
1.59125,-5,0.840713,5.30244
1.64125,-5,0.852539,5.55747
1.69125,-5,0.864605,5.82162
1.74125,-5,0.876913,6.09497
1.79125,-5,0.889464,6.37761
1.84125,-5,0.90226,6.66962
1.89125,-5,0.915302,6.97111
1.94125,-5,0.928593,7.28215
1.99125,-5,0.942134,7.60285
2,-5,0.944518,7.65997
2,-5,0.944518,7.65997
2.01,-5,0.947266,7.72561
2.02,-5,0.950024,7.79166
2.035,-5,0.954175,7.89145
2.0575,-5,0.960454,8.0428
2.09125,-5,0.969966,8.27359
2.14125,-5,0.984274,8.62383
2.19125,-5,0.998836,8.98411
2.24125,-5,1.01365,9.35453
2.29125,-5,1.02873,9.7352
2.34125,-5,1.04408,10.1262
2.39125,-5,1.05968,10.5277
2.44125,-5,1.07556,10.9397
2.49125,-5,1.0917,11.3625
2.54125,-5,1.10812,11.796
2.59125,-5,1.1248,12.2404
2.64125,-5,1.14176,12.6958
2.69125,-5,1.159,13.1623
2.74125,-5,1.17652,13.6402
2.79125,-5,1.19432,14.1293
2.84125,-5,1.2124,14.63
2.89125,-5,1.23077,15.1423
2.94125,-5,1.24942,15.6664
2.99125,-5,1.26836,16.2023
3,-5,1.27169,16.2973
3,-5,1.27169,16.2973
3.01,-5,1.27552,16.4064
3.02,-5,1.27938,16.5159
3.035,-5,1.28515,16.6811
3.0575,-5,1.2939,16.931
3.09125,-5,1.30712,17.3104
3.14125,-5,1.32695,17.8828
3.19125,-5,1.34708,18.4677
3.24125,-5,1.36751,19.0651
3.29125,-5,1.38824,19.6752
3.34125,-5,1.40928,20.2982
3.39125,-5,1.43062,20.9342
3.44125,-5,1.45228,21.5834
3.49125,-5,1.47425,22.2459
3.54125,-5,1.49653,22.9219
3.59125,-5,1.51914,23.6116
3.64125,-5,1.54206,24.3151
3.69125,-5,1.56531,25.0326
3.74125,-5,1.58889,25.7642
3.79125,-5,1.61279,26.5102
3.84125,-5,1.63703,27.2707
3.89125,-5,1.66161,28.0459
3.94125,-5,1.68652,28.836
3.99125,-5,1.71177,29.6412
4,-5,1.71619,29.7836
4,-5,1.71619,29.7836
4.01,-5,1.72128,29.947
4.02,-5,1.72643,30.111
4.035,-5,1.7341,30.3582
4.0575,-5,1.74573,30.7316
4.09125,-5,1.76328,31.2976
4.14125,-5,1.78959,32.1492
4.19125,-5,1.81624,33.0168
4.24125,-5,1.84324,33.9004
4.29125,-5,1.8706,34.8003
4.34125,-5,1.89832,35.7168
4.39125,-5,1.92641,36.6501
4.44125,-5,1.95487,37.6004
4.49125,-5,1.9837,38.5679
4.54125,-5,2.0129,39.5529
4.59125,-5,2.04248,40.5556
4.64125,-5,2.07245,41.5763
4.69125,-5,2.1028,42.6153
4.74125,-5,2.13355,43.6728
4.79125,-5,2.16468,44.7491
4.84125,-5,2.19621,45.8444
4.89125,-5,2.22815,46.9591
4.94125,-5,2.26049,48.0935
4.99125,-5,2.29324,49.2478
5,-5,2.29896,49.4516
5,-5,2.29896,49.4516
5.01,-5,2.30553,49.6855
5.02,-5,2.31224,49.9204
5.035,-5,2.32214,50.2742
5.0575,-5,2.33723,50.8083
5.09125,-5,2.35993,51.6173
5.14125,-5,2.39398,52.8334
5.19125,-5,2.4284,54.0707
5.24125,-5,2.46326,55.3295
5.29125,-5,2.49855,56.6102
5.34125,-5,2.53428,57.9132
5.39125,-5,2.57045,59.2389
5.44125,-5,2.60707,60.5875
5.49125,-5,2.64414,61.9596
0,-7.5,0.838304,3.28939
0.01,-7.5,0.839398,3.28946
0.02,-7.5,0.840494,3.28979
0.035,-7.5,0.842155,3.29077
0.0575,-7.5,0.844678,3.29332
0.09125,-7.5,0.848535,3.2996
0.14125,-7.5,0.854409,3.31435
0.19125,-7.5,0.860473,3.33565
0.24125,-7.5,0.866729,3.36354
0.29125,-7.5,0.873179,3.39808
0.34125,-7.5,0.879824,3.43932
0.39125,-7.5,0.886665,3.4873
0.44125,-7.5,0.893704,3.54209
0.49125,-7.5,0.900941,3.60373
0.54125,-7.5,0.908378,3.67228
0.59125,-7.5,0.916016,3.74779
0.64125,-7.5,0.923857,3.83032
0.69125,-7.5,0.931901,3.91993
0.74125,-7.5,0.94015,4.01667
0.79125,-7.5,0.948605,4.1206
0.84125,-7.5,0.957268,4.23179
0.89125,-7.5,0.966139,4.35028
0.94125,-7.5,0.975221,4.47614
0.99125,-7.5,0.984514,4.60944
1,-7.5,0.986153,4.63354
1,-7.5,0.986153,4.63354
1.01,-7.5,0.988047,4.66136
1.02,-7.5,0.989946,4.68948
1.035,-7.5,0.99281,4.73222
1.0575,-7.5,0.997147,4.79761
1.09125,-7.5,1.00373,4.89858
1.14125,-7.5,1.01367,5.05455
1.19125,-7.5,1.02383,5.21821
1.24125,-7.5,1.0342,5.38962
1.29125,-7.5,1.04479,5.56886
1.34125,-7.5,1.0556,5.75598
1.39125,-7.5,1.06664,5.95106
1.44125,-7.5,1.07789,6.15417
1.49125,-7.5,1.08938,6.36537
1.54125,-7.5,1.10109,6.58475
1.59125,-7.5,1.11303,6.81238
1.64125,-7.5,1.1252,7.04832
1.69125,-7.5,1.1376,7.29266
1.74125,-7.5,1.15024,7.54547
1.79125,-7.5,1.16311,7.80683
1.84125,-7.5,1.17622,8.07682
1.89125,-7.5,1.18956,8.35553
1.94125,-7.5,1.20314,8.64302
1.99125,-7.5,1.21697,8.93939
2,-7.5,1.2194,8.99217
2,-7.5,1.2194,8.99217
2.01,-7.5,1.22221,9.05282
2.02,-7.5,1.22502,9.11384
2.035,-7.5,1.22925,9.20605
2.0575,-7.5,1.23565,9.34588
2.09125,-7.5,1.24534,9.55908
2.14125,-7.5,1.25991,9.88259
2.19125,-7.5,1.27472,10.2153
2.24125,-7.5,1.28978,10.5573
2.29125,-7.5,1.30509,10.9088
2.34125,-7.5,1.32065,11.2697
2.39125,-7.5,1.33647,11.6402
2.44125,-7.5,1.35255,12.0204
2.49125,-7.5,1.36888,12.4104
2.54125,-7.5,1.38548,12.8103
2.59125,-7.5,1.40234,13.2201
2.64125,-7.5,1.41946,13.6401
2.69125,-7.5,1.43685,14.0702
2.74125,-7.5,1.45451,14.5106
2.79125,-7.5,1.47244,14.9614
2.84125,-7.5,1.49064,15.4228
2.89125,-7.5,1.50911,15.8947
2.94125,-7.5,1.52787,16.3774
2.99125,-7.5,1.5469,16.871
3,-7.5,1.55024,16.9585
3,-7.5,1.55024,16.9585
3.01,-7.5,1.55408,17.0589
3.02,-7.5,1.55796,17.1597
3.035,-7.5,1.56375,17.3118
3.0575,-7.5,1.57253,17.5419
3.09125,-7.5,1.58579,17.8911
3.14125,-7.5,1.60568,18.418
3.19125,-7.5,1.62586,18.9562
3.24125,-7.5,1.64631,19.5058
3.29125,-7.5,1.66707,20.0671
3.34125,-7.5,1.68811,20.64
3.39125,-7.5,1.70945,21.2249
3.44125,-7.5,1.73109,21.8217
3.49125,-7.5,1.75303,22.4307
3.54125,-7.5,1.77528,23.0519
3.59125,-7.5,1.79783,23.6856
3.64125,-7.5,1.82069,24.3318
3.69125,-7.5,1.84386,24.9908
3.74125,-7.5,1.86735,25.6626
3.79125,-7.5,1.89115,26.3475
3.84125,-7.5,1.91527,27.0455
3.89125,-7.5,1.93972,27.7569
3.94125,-7.5,1.96448,28.4819
3.99125,-7.5,1.98958,29.2205
4,-7.5,1.99397,29.3511
4,-7.5,1.99397,29.3511
4.01,-7.5,1.99902,29.5009
4.02,-7.5,2.00415,29.6514
4.035,-7.5,2.01175,29.8781
4.0575,-7.5,2.02331,30.2205
4.09125,-7.5,2.04073,30.7394
4.14125,-7.5,2.06685,31.5202
4.19125,-7.5,2.09328,32.3153
4.24125,-7.5,2.12006,33.1251
4.29125,-7.5,2.14718,33.9496
4.34125,-7.5,2.17464,34.7891
4.39125,-7.5,2.20246,35.6437
4.44125,-7.5,2.23063,36.5138
4.49125,-7.5,2.25916,37.3995
4.54125,-7.5,2.28805,38.3009
4.59125,-7.5,2.3173,39.2184
4.64125,-7.5,2.34692,40.1522
4.69125,-7.5,2.37691,41.1024
4.74125,-7.5,2.40727,42.0694
4.79125,-7.5,2.43801,43.0533
4.84125,-7.5,2.46913,44.0544
4.89125,-7.5,2.50064,45.073
4.94125,-7.5,2.53253,46.1093
4.99125,-7.5,2.56482,47.1636
5,-7.5,2.57045,47.3498
5,-7.5,2.57045,47.3498
5.01,-7.5,2.57693,47.5634
5.02,-7.5,2.58356,47.778
5.035,-7.5,2.59329,48.1009
5.0575,-7.5,2.60818,48.5886
5.09125,-7.5,2.63053,49.3272
5.14125,-7.5,2.66407,50.4372
5.19125,-7.5,2.69795,51.5662
0,-10,1.07848,5.71122
0.01,-10,1.07968,5.71126
0.02,-10,1.08088,5.71153
0.035,-10,1.08269,5.71238
0.0575,-10,1.08544,5.71467
0.09125,-10,1.08963,5.72038
0.14125,-10,1.096,5.73388
0.19125,-10,1.10254,5.75346
0.24125,-10,1.10928,5.77915
0.29125,-10,1.1162,5.811
0.34125,-10,1.12331,5.84905
0.39125,-10,1.13061,5.89335
0.44125,-10,1.1381,5.94394
0.49125,-10,1.14578,6.00087
0.54125,-10,1.15365,6.0642
0.59125,-10,1.16172,6.13397
0.64125,-10,1.16998,6.21022
0.69125,-10,1.17844,6.29301
0.74125,-10,1.1871,6.38239
0.79125,-10,1.19595,6.47841
0.84125,-10,1.20501,6.58112
0.89125,-10,1.21426,6.69058
0.94125,-10,1.22372,6.80684
0.99125,-10,1.23338,6.92994
1,-10,1.23509,6.9522
1,-10,1.23509,6.9522
1.01,-10,1.23705,6.97789
1.02,-10,1.23902,7.00386
1.035,-10,1.242,7.04333
1.0575,-10,1.24649,7.10372
1.09125,-10,1.25332,7.19695
1.14125,-10,1.26361,7.34095
1.19125,-10,1.2741,7.49203
1.24125,-10,1.2848,7.65025
1.29125,-10,1.29571,7.81567
1.34125,-10,1.30683,7.98835
1.39125,-10,1.31817,8.16834
1.44125,-10,1.32973,8.35571
1.49125,-10,1.3415,8.55053
1.54125,-10,1.35349,8.75286
1.59125,-10,1.3657,8.96275
1.64125,-10,1.37813,9.18029
1.69125,-10,1.39079,9.40553
1.74125,-10,1.40367,9.63854
1.79125,-10,1.41677,9.87939
1.84125,-10,1.4301,10.1282
1.89125,-10,1.44366,10.3849
1.94125,-10,1.45745,10.6497
1.99125,-10,1.47147,10.9226
2,-10,1.47394,10.9712
2,-10,1.47394,10.9712
2.01,-10,1.47678,11.0271
2.02,-10,1.47963,11.0833
2.035,-10,1.48392,11.1682
2.0575,-10,1.4904,11.2969
2.09125,-10,1.50021,11.4932
2.14125,-10,1.51495,11.791
2.19125,-10,1.52991,12.0972
2.24125,-10,1.54512,12.4119
2.29125,-10,1.56056,12.7352
2.34125,-10,1.57625,13.0672
2.39125,-10,1.59219,13.4079
2.44125,-10,1.60837,13.7575
2.49125,-10,1.6248,14.116
2.54125,-10,1.64148,14.4835
2.59125,-10,1.65841,14.8602
2.64125,-10,1.6756,15.246
2.69125,-10,1.69304,15.6411
2.74125,-10,1.71074,16.0456
2.79125,-10,1.72869,16.4596
2.84125,-10,1.74691,16.8831
2.89125,-10,1.76539,17.3164
2.94125,-10,1.78414,17.7594
2.99125,-10,1.80315,18.2122
3,-10,1.80648,18.2925
3,-10,1.80648,18.2925
3.01,-10,1.81033,18.3846
3.02,-10,1.8142,18.4771
3.035,-10,1.81998,18.6166
3.0575,-10,1.82874,18.8276
3.09125,-10,1.84197,19.148
3.14125,-10,1.86181,19.6311
3.19125,-10,1.88191,20.1245
3.24125,-10,1.90229,20.6283
3.29125,-10,1.92295,21.1427
3.34125,-10,1.94389,21.6677
3.39125,-10,1.96511,22.2034
3.44125,-10,1.98662,22.75
3.49125,-10,2.00842,23.3077
3.54125,-10,2.0305,23.8764
3.59125,-10,2.05288,24.4564
3.64125,-10,2.07556,25.0478
3.69125,-10,2.09853,25.6507
3.74125,-10,2.1218,26.2652
3.79125,-10,2.14537,26.8916
3.84125,-10,2.16925,27.5298
3.89125,-10,2.19344,28.1801
3.94125,-10,2.21793,28.8427
3.99125,-10,2.24274,29.5176
4,-10,2.24708,29.6369
4,-10,2.24708,29.6369
4.01,-10,2.25207,29.7737
4.02,-10,2.25714,29.9112
4.035,-10,2.26465,30.1183
4.0575,-10,2.27607,30.4311
4.09125,-10,2.29327,30.905
4.14125,-10,2.31906,31.6179
4.19125,-10,2.34514,32.3438
4.24125,-10,2.37155,33.0829
4.29125,-10,2.39829,33.8352
4.34125,-10,2.42536,34.6011
4.39125,-10,2.45276,35.3806
4.44125,-10,2.4805,36.174
4.49125,-10,2.50858,36.9814
4.54125,-10,2.537,37.803
4.59125,-10,2.56577,38.6391
4.64125,-10,2.59489,39.4897
4.69125,-10,2.62436,40.3552
4.74125,-10,2.65419,41.2356
4.79125,-10,2.68437,42.1314
0,-12.5,1.30402,8.72591
0.01,-12.5,1.30532,8.7259
0.02,-12.5,1.3066,8.72611
0.035,-12.5,1.30855,8.72684
0.0575,-12.5,1.3115,8.72887
0.09125,-12.5,1.31599,8.73402
0.14125,-12.5,1.32279,8.74631
0.19125,-12.5,1.32977,8.76422
0.24125,-12.5,1.33693,8.78778
0.29125,-12.5,1.34427,8.81702
0.34125,-12.5,1.35179,8.85199
0.39125,-12.5,1.35949,8.89273
0.44125,-12.5,1.36737,8.93927
0.49125,-12.5,1.37544,8.99167
0.54125,-12.5,1.38369,9.04996
0.59125,-12.5,1.39213,9.11418
0.64125,-12.5,1.40076,9.18438
0.69125,-12.5,1.40957,9.2606
0.74125,-12.5,1.41858,9.34289
0.79125,-12.5,1.42778,9.43129
0.84125,-12.5,1.43716,9.52584
0.89125,-12.5,1.44675,9.6266
0.94125,-12.5,1.45652,9.73361
0.99125,-12.5,1.46649,9.84692
1,-12.5,1.46825,9.86741
1,-12.5,1.46825,9.86741
1.01,-12.5,1.47027,9.89105
1.02,-12.5,1.4723,9.91495
1.035,-12.5,1.47537,9.95128
1.0575,-12.5,1.48,10.0068
1.09125,-12.5,1.48702,10.0926
1.14125,-12.5,1.49759,10.2251
1.19125,-12.5,1.50836,10.3641
1.24125,-12.5,1.51932,10.5097
1.29125,-12.5,1.53049,10.6618
1.34125,-12.5,1.54187,10.8206
1.39125,-12.5,1.55344,10.9861
1.44125,-12.5,1.56523,11.1584
1.49125,-12.5,1.57722,11.3375
1.54125,-12.5,1.58943,11.5234
1.59125,-12.5,1.60184,11.7163
1.64125,-12.5,1.61446,11.9162
1.69125,-12.5,1.6273,12.1231
1.74125,-12.5,1.64035,12.3371
1.79125,-12.5,1.65362,12.5583
1.84125,-12.5,1.66711,12.7867
1.89125,-12.5,1.68081,13.0224
1.94125,-12.5,1.69474,13.2655
1.99125,-12.5,1.70889,13.516
2,-12.5,1.71137,13.5606
2,-12.5,1.71137,13.5606
2.01,-12.5,1.71424,13.6118
2.02,-12.5,1.71711,13.6634
2.035,-12.5,1.72143,13.7413
2.0575,-12.5,1.72796,13.8594
2.09125,-12.5,1.73784,14.0394
2.14125,-12.5,1.75267,14.3125
2.19125,-12.5,1.76772,14.5934
2.24125,-12.5,1.783,14.8819
2.29125,-12.5,1.7985,15.1783
2.34125,-12.5,1.81424,15.4826
2.39125,-12.5,1.83022,15.7948
2.44125,-12.5,1.84643,16.1151
2.49125,-12.5,1.86287,16.4435
2.54125,-12.5,1.87956,16.7801
2.59125,-12.5,1.89648,17.125
2.64125,-12.5,1.91365,17.4782
2.69125,-12.5,1.93106,17.8399
2.74125,-12.5,1.94872,18.2101
2.79125,-12.5,1.96662,18.5888
2.84125,-12.5,1.98478,18.9763
2.89125,-12.5,2.00318,19.3725
2.94125,-12.5,2.02184,19.7776
2.99125,-12.5,2.04075,20.1916
3,-12.5,2.04406,20.2649
3,-12.5,2.04406,20.2649
3.01,-12.5,2.04789,20.3491
3.02,-12.5,2.05171,20.4337
3.035,-12.5,2.05748,20.5612
3.0575,-12.5,2.06618,20.7541
3.09125,-12.5,2.07932,21.0468
3.14125,-12.5,2.09902,21.4882
3.19125,-12.5,2.11897,21.9389
3.24125,-12.5,2.13918,22.399
3.29125,-12.5,2.15965,22.8686
3.34125,-12.5,2.1804,23.3479
3.39125,-12.5,2.20141,23.8368
3.44125,-12.5,2.22269,24.3356
3.49125,-12.5,2.24425,24.8443
3.54125,-12.5,2.26609,25.363
3.59125,-12.5,2.2882,25.8919
3.64125,-12.5,2.3106,26.431
3.69125,-12.5,2.33327,26.9805
3.74125,-12.5,2.35623,27.5405
3.79125,-12.5,2.37948,28.1111
3.84125,-12.5,2.40302,28.6924
3.89125,-12.5,2.42685,29.2846
3.94125,-12.5,2.45097,29.8878
3.99125,-12.5,2.47539,30.502
4,-12.5,2.47966,30.6106
4,-12.5,2.47966,30.6106
4.01,-12.5,2.4846,30.7352
4.02,-12.5,2.48953,30.8603
4.035,-12.5,2.49697,31.0487
4.0575,-12.5,2.50817,31.3333
4.09125,-12.5,2.5251,31.7644
4.14125,-12.5,2.55044,32.4128
4.19125,-12.5,2.57608,33.0729
4.24125,-12.5,2.60201,33.7448
4.29125,-12.5,2.62826,34.4286
4.34125,-12.5,2.65483,35.1244
4.39125,-12.5,2.68171,35.8326
4.44125,-12.5,2.70891,36.5531
0,-15,1.5172,12.3007
0.01,-15,1.51859,12.3007
0.02,-15,1.51995,12.3008
0.035,-15,1.52202,12.3015
0.0575,-15,1.52515,12.3032
0.09125,-15,1.52992,12.3078
0.14125,-15,1.53711,12.319
0.19125,-15,1.54448,12.3353
0.24125,-15,1.55202,12.3568
0.29125,-15,1.55973,12.3835
0.34125,-15,1.56761,12.4155
0.39125,-15,1.57566,12.4528
0.44125,-15,1.5839,12.4955
0.49125,-15,1.5923,12.5435
0.54125,-15,1.60089,12.597
0.59125,-15,1.60965,12.6559
0.64125,-15,1.6186,12.7203
0.69125,-15,1.62772,12.7902
0.74125,-15,1.63703,12.8657
0.79125,-15,1.64651,12.9468
0.84125,-15,1.65619,13.0336
0.89125,-15,1.66604,13.126
0.94125,-15,1.67608,13.2241
0.99125,-15,1.68631,13.3281
1,-15,1.68811,13.3469
1,-15,1.68811,13.3469
1.01,-15,1.69019,13.3685
1.02,-15,1.69227,13.3905
1.035,-15,1.69541,13.4238
1.0575,-15,1.70015,13.4747
1.09125,-15,1.70733,13.5534
1.14125,-15,1.71813,13.6749
1.19125,-15,1.72912,13.8023
1.24125,-15,1.7403,13.9357
1.29125,-15,1.75167,14.0752
1.34125,-15,1.76324,14.2207
1.39125,-15,1.775,14.3724
1.44125,-15,1.78696,14.5302
1.49125,-15,1.79912,14.6942
1.54125,-15,1.81148,14.8645
1.59125,-15,1.82404,15.0412
1.64125,-15,1.83681,15.2242
1.69125,-15,1.84977,15.4136
1.74125,-15,1.86294,15.6095
1.79125,-15,1.87632,15.8119
1.84125,-15,1.8899,16.0209
1.89125,-15,1.90369,16.2365
1.94125,-15,1.91769,16.4588
1.99125,-15,1.9319,16.6879
2,-15,1.9344,16.7287
2,-15,1.9344,16.7287
2.01,-15,1.93728,16.7756
2.02,-15,1.94016,16.8227
2.035,-15,1.9445,16.8939
2.0575,-15,1.95105,17.0019
2.09125,-15,1.96096,17.1665
2.14125,-15,1.97582,17.4161
2.19125,-15,1.99089,17.6727
2.24125,-15,2.00618,17.9363
2.29125,-15,2.02169,18.2071
2.34125,-15,2.03741,18.485
2.39125,-15,2.05337,18.7701
2.44125,-15,2.06954,19.0625
2.49125,-15,2.08594,19.3622
2.54125,-15,2.10257,19.6694
2.59125,-15,2.11942,19.9841
2.64125,-15,2.13651,20.3063
2.69125,-15,2.15382,20.6361
2.74125,-15,2.17137,20.9736
2.79125,-15,2.18916,21.3189
2.84125,-15,2.20718,21.672
2.89125,-15,2.22544,22.0331
2.94125,-15,2.24393,22.4021
2.99125,-15,2.26267,22.7792
3,-15,2.26595,22.846
3,-15,2.26595,22.846
3.01,-15,2.26975,22.9227
3.02,-15,2.27353,22.9997
3.035,-15,2.27925,23.1158
3.0575,-15,2.28786,23.2914
3.09125,-15,2.30087,23.5579
3.14125,-15,2.32035,23.9597
3.19125,-15,2.34007,24.3698
3.24125,-15,2.36005,24.7885
3.29125,-15,2.38027,25.2157
3.34125,-15,2.40075,25.6515
3.39125,-15,2.42148,26.096
3.44125,-15,2.44247,26.5494
3.49125,-15,2.46372,27.0117
3.54125,-15,2.48523,27.483
3.59125,-15,2.507,27.9634
3.64125,-15,2.52904,28.4531
3.69125,-15,2.55135,28.952
3.74125,-15,2.57392,29.4603
3.79125,-15,2.59677,29.9781
3.84125,-15,2.61989,30.5055
3.89125,-15,2.64328,31.0427
3.94125,-15,2.66696,31.5896
3.99125,-15,2.69091,32.1465
4,-15,2.6951,32.245
4,-15,2.6951,32.245
4.01,-15,2.69995,32.3579
4.02,-15,2.70478,32.4713
0,-17.5,1.71999,16.4079
0.01,-17.5,1.72145,16.4078
0.02,-17.5,1.72289,16.4079
0.035,-17.5,1.72507,16.4084
0.0575,-17.5,1.72837,16.41
0.09125,-17.5,1.73337,16.4141
0.14125,-17.5,1.74093,16.4241
0.19125,-17.5,1.74864,16.4388
0.24125,-17.5,1.75652,16.4584
0.29125,-17.5,1.76456,16.4827
0.34125,-17.5,1.77277,16.5119
0.39125,-17.5,1.78114,16.546
0.44125,-17.5,1.78968,16.5849
0.49125,-17.5,1.79839,16.6288
0.54125,-17.5,1.80727,16.6777
0.59125,-17.5,1.81632,16.7315
0.64125,-17.5,1.82553,16.7903
0.69125,-17.5,1.83492,16.8543
0.74125,-17.5,1.84449,16.9233
0.79125,-17.5,1.85423,16.9974
0.84125,-17.5,1.86414,17.0767
0.89125,-17.5,1.87423,17.1612
0.94125,-17.5,1.88449,17.2509
0.99125,-17.5,1.89494,17.3459
1,-17.5,1.89677,17.363
1,-17.5,1.89677,17.363
1.01,-17.5,1.89889,17.3829
1.02,-17.5,1.90101,17.4029
1.035,-17.5,1.90421,17.4333
1.0575,-17.5,1.90904,17.4799
1.09125,-17.5,1.91635,17.5518
1.14125,-17.5,1.92734,17.6628
1.19125,-17.5,1.93851,17.7792
1.24125,-17.5,1.94986,17.9011
1.29125,-17.5,1.96139,18.0284
1.34125,-17.5,1.97311,18.1613
1.39125,-17.5,1.98501,18.2998
1.44125,-17.5,1.9971,18.4439
1.49125,-17.5,2.00938,18.5936
1.54125,-17.5,2.02185,18.7491
1.59125,-17.5,2.03451,18.9102
1.64125,-17.5,2.04736,19.0772
1.69125,-17.5,2.06041,19.25
1.74125,-17.5,2.07365,19.4286
1.79125,-17.5,2.08708,19.6132
1.84125,-17.5,2.10071,19.8038
1.89125,-17.5,2.11454,20.0003
1.94125,-17.5,2.12857,20.2029
1.99125,-17.5,2.1428,20.4116
2,-17.5,2.14529,20.4488
2,-17.5,2.14529,20.4488
2.01,-17.5,2.14817,20.4915
2.02,-17.5,2.15105,20.5344
2.035,-17.5,2.1554,20.5993
2.0575,-17.5,2.16195,20.6977
2.09125,-17.5,2.17185,20.8476
2.14125,-17.5,2.18669,21.0749
2.19125,-17.5,2.20174,21.3085
2.24125,-17.5,2.21699,21.5485
2.29125,-17.5,2.23244,21.7949
2.34125,-17.5,2.24811,22.0478
2.39125,-17.5,2.26398,22.3072
2.44125,-17.5,2.28007,22.5732
2.49125,-17.5,2.29637,22.8458
2.54125,-17.5,2.31289,23.125
2.59125,-17.5,2.32962,23.4111
2.64125,-17.5,2.34657,23.7039
2.69125,-17.5,2.36374,24.0036
2.74125,-17.5,2.38113,24.3102
2.79125,-17.5,2.39874,24.6238
2.84125,-17.5,2.41657,24.9444
2.89125,-17.5,2.43463,25.2722
2.94125,-17.5,2.45291,25.6071
2.99125,-17.5,2.47143,25.9493
3,-17.5,2.47467,26.0099
3,-17.5,2.47467,26.0099
3.01,-17.5,2.47842,26.0795
3.02,-17.5,2.48215,26.1494
3.035,-17.5,2.48779,26.2547
3.0575,-17.5,2.49629,26.414
3.09125,-17.5,2.50913,26.6557
3.14125,-17.5,2.52834,27.02
3.19125,-17.5,2.54779,27.3918
3.24125,-17.5,2.56746,27.7713
3.29125,-17.5,2.58738,28.1584
3.34125,-17.5,2.60753,28.5532
3.39125,-17.5,2.62792,28.9558
3.44125,-17.5,2.64856,29.3664
3.49125,-17.5,2.66944,29.7849
3.54125,-17.5,2.69057,30.2114
3.59125,-17.5,2.71194,30.6461
3.64125,-17.5,2.73357,31.089
3.69125,-17.5,2.75544,31.5402
3.74125,-17.5,2.77757,31.9998
3.79125,-17.5,2.79996,32.4679
0,-20,1.91401,21.0239
0.01,-20,1.91558,21.0238
0.02,-20,1.91708,21.0238
0.035,-20,1.91936,21.0242
0.0575,-20,1.92281,21.0255
0.09125,-20,1.92804,21.0291
0.14125,-20,1.93592,21.0381
0.19125,-20,1.94395,21.0514
0.24125,-20,1.95213,21.0691
0.29125,-20,1.96048,21.0912
0.34125,-20,1.96897,21.1177
0.39125,-20,1.97763,21.1486
0.44125,-20,1.98644,21.1841
0.49125,-20,1.99542,21.224
0.54125,-20,2.00455,21.2685
0.59125,-20,2.01385,21.3175
0.64125,-20,2.02331,21.3711
0.69125,-20,2.03293,21.4293
0.74125,-20,2.04272,21.4921
0.79125,-20,2.05267,21.5597
0.84125,-20,2.06279,21.6319
0.89125,-20,2.07307,21.7088
0.94125,-20,2.08353,21.7905
0.99125,-20,2.09415,21.877
1,-20,2.09601,21.8927
1,-20,2.09601,21.8927
1.01,-20,2.09816,21.9107
1.02,-20,2.10032,21.9289
1.035,-20,2.10357,21.9567
1.0575,-20,2.10847,21.9991
1.09125,-20,2.11589,22.0645
1.14125,-20,2.12703,22.1656
1.19125,-20,2.13834,22.2715
1.24125,-20,2.14982,22.3825
1.29125,-20,2.16147,22.4984
1.34125,-20,2.1733,22.6193
1.39125,-20,2.1853,22.7453
1.44125,-20,2.19748,22.8763
1.49125,-20,2.20984,23.0125
1.54125,-20,2.22238,23.1539
1.59125,-20,2.23511,23.3004
1.64125,-20,2.24801,23.4522
1.69125,-20,2.26109,23.6092
1.74125,-20,2.27436,23.7716
1.79125,-20,2.28781,23.9393
1.84125,-20,2.30145,24.1123
1.89125,-20,2.31528,24.2909
1.94125,-20,2.32929,24.4748
1.99125,-20,2.34349,24.6643
2,-20,2.34598,24.698
2,-20,2.34598,24.698
2.01,-20,2.34886,24.7368
2.02,-20,2.35173,24.7758
2.035,-20,2.35606,24.8347
2.0575,-20,2.36259,24.9239
2.09125,-20,2.37246,25.06
2.14125,-20,2.38725,25.2662
2.19125,-20,2.40222,25.4782
2.24125,-20,2.41738,25.6958
2.29125,-20,2.43275,25.9193
2.34125,-20,2.44831,26.1485
2.39125,-20,2.46406,26.3836
2.44125,-20,2.48002,26.6246
2.49125,-20,2.49618,26.8716
2.54125,-20,2.51254,27.1245
2.59125,-20,2.5291,27.3836
2.64125,-20,2.54587,27.6487
2.69125,-20,2.56285,27.92
2.74125,-20,2.58003,28.1974
2.79125,-20,2.59742,28.4812
2.84125,-20,2.61502,28.7712
2.89125,-20,2.63284,29.0676
2.94125,-20,2.65086,29.3705
2.99125,-20,2.6691,29.6798
3,-20,2.67229,29.7346
3,-20,2.67229,29.7346
3.01,-20,2.67599,29.7974
3.02,-20,2.67967,29.8606
3.035,-20,2.68522,29.9558
3.0575,-20,2.69358,30.0997
3.09125,-20,2.70622,30.318
3.14125,-20,2.72512,30.6471
3.19125,-20,2.74423,30.9829
3.24125,-20,2.76357,31.3254
3.29125,-20,2.78313,31.6748
3.34125,-20,2.80291,32.0311
3.39125,-20,2.82291,32.3944
3.44125,-20,2.84315,32.7646
3.49125,-20,2.86361,33.142
3.54125,-20,2.88431,33.5265
0,-22.5,2.10075,26.1288
0.01,-22.5,2.10241,26.1287
0.02,-22.5,2.10397,26.1287
0.035,-22.5,2.10634,26.129
0.0575,-22.5,2.10993,26.1301
0.09125,-22.5,2.11536,26.1332
0.14125,-22.5,2.12354,26.1412
0.19125,-22.5,2.13186,26.1531
0.24125,-22.5,2.14032,26.1691
0.29125,-22.5,2.14893,26.189
0.34125,-22.5,2.1577,26.213
0.39125,-22.5,2.16661,26.241
0.44125,-22.5,2.17567,26.2731
0.49125,-22.5,2.18488,26.3093
0.54125,-22.5,2.19424,26.3496
0.59125,-22.5,2.20376,26.3941
0.64125,-22.5,2.21343,26.4427
0.69125,-22.5,2.22325,26.4955
0.74125,-22.5,2.23323,26.5526
0.79125,-22.5,2.24337,26.6138
0.84125,-22.5,2.25366,26.6794
0.89125,-22.5,2.26411,26.7492
0.94125,-22.5,2.27472,26.8233
0.99125,-22.5,2.28548,26.9018
1,-22.5,2.28737,26.916
1,-22.5,2.28737,26.916
1.01,-22.5,2.28955,26.9324
1.02,-22.5,2.29173,26.9489
1.035,-22.5,2.29502,26.9741
1.0575,-22.5,2.29998,27.0126
1.09125,-22.5,2.30749,27.0719
1.14125,-22.5,2.31875,27.1636
1.19125,-22.5,2.33016,27.2597
1.24125,-22.5,2.34174,27.3603
1.29125,-22.5,2.35348,27.4654
1.34125,-22.5,2.36538,27.575
1.39125,-22.5,2.37746,27.6892
1.44125,-22.5,2.3897,27.808
1.49125,-22.5,2.4021,27.9314
1.54125,-22.5,2.41468,28.0594
1.59125,-22.5,2.42743,28.1922
1.64125,-22.5,2.44035,28.3296
1.69125,-22.5,2.45344,28.4718
1.74125,-22.5,2.4667,28.6188
1.79125,-22.5,2.48013,28.7706
1.84125,-22.5,2.49375,28.9273
1.89125,-22.5,2.50753,29.0888
1.94125,-22.5,2.5215,29.2552
1.99125,-22.5,2.53564,29.4266
2,-22.5,2.53811,29.4571
2,-22.5,2.53811,29.4571
2.01,-22.5,2.54098,29.4922
2.02,-22.5,2.54383,29.5274
2.035,-22.5,2.54814,29.5807
2.0575,-22.5,2.55464,29.6614
2.09125,-22.5,2.56445,29.7844
2.14125,-22.5,2.57914,29.9708
2.19125,-22.5,2.594,30.1623
2.24125,-22.5,2.60905,30.359
2.29125,-22.5,2.62428,30.5608
2.34125,-22.5,2.63969,30.7679
2.39125,-22.5,2.6553,30.9802
2.44125,-22.5,2.67108,31.1977
2.49125,-22.5,2.68706,31.4206
2.54125,-22.5,2.70323,31.6489
2.59125,-22.5,2.71959,31.8825
2.64125,-22.5,2.73614,32.1217
2.69125,-22.5,2.75288,32.3663
2.74125,-22.5,2.76982,32.6164
2.79125,-22.5,2.78695,32.8721
2.84125,-22.5,2.80429,33.1335
2.89125,-22.5,2.82181,33.4005
2.94125,-22.5,2.83954,33.6732
2.99125,-22.5,2.85747,33.9517
3,-22.5,2.8606,34.001
3,-22.5,2.8606,34.001
3.01,-22.5,2.86424,34.0576
3.02,-22.5,2.86785,34.1145
3.035,-22.5,2.8733,34.2001
3.0575,-22.5,2.88152,34.3297
3.09125,-22.5,2.89392,34.5262
3.14125,-22.5,2.91247,34.8222
3.19125,-22.5,2.93121,35.1243
3.24125,-22.5,2.95017,35.4323
3.25375,-22.5,2.95491,35.5103
3.25375,-22.5,2.95459,35.5395
0,-25,2.28144,31.706
0.01,-25,2.28318,31.7059
0.02,-25,2.28479,31.7058
0.035,-25,2.28725,31.706
0.0575,-25,2.29097,31.7069
0.09125,-25,2.29659,31.7097
0.14125,-25,2.30504,31.7167
0.19125,-25,2.31363,31.7274
0.24125,-25,2.32235,31.7416
0.29125,-25,2.33121,31.7596
0.34125,-25,2.34021,31.7812
0.39125,-25,2.34935,31.8064
0.44125,-25,2.35863,31.8354
0.49125,-25,2.36805,31.8681
0.54125,-25,2.37762,31.9045
0.59125,-25,2.38733,31.9447
0.64125,-25,2.39718,31.9887
0.69125,-25,2.40718,32.0364
0.74125,-25,2.41733,32.088
0.79125,-25,2.42762,32.1434
0.84125,-25,2.43806,32.2026
0.89125,-25,2.44865,32.2658
0.94125,-25,2.45938,32.3328
0.99125,-25,2.47027,32.4038
1,-25,2.47218,32.4166
1,-25,2.47218,32.4166
1.01,-25,2.47438,32.4314
1.02,-25,2.47659,32.4463
1.035,-25,2.47991,32.4691
1.0575,-25,2.48491,32.5038
1.09125,-25,2.49249,32.5575
1.14125,-25,2.50383,32.6404
1.19125,-25,2.51533,32.7272
1.24125,-25,2.52697,32.8181
1.29125,-25,2.53877,32.913
1.34125,-25,2.55073,33.0121
1.39125,-25,2.56284,33.1152
1.44125,-25,2.57511,33.2224
1.49125,-25,2.58753,33.3339
1.54125,-25,2.60012,33.4494
1.59125,-25,2.61286,33.5692
1.64125,-25,2.62576,33.6933
1.69125,-25,2.63883,33.8216
1.74125,-25,2.65205,33.9542
1.79125,-25,2.66544,34.091
1.84125,-25,2.679,34.2323
1.89125,-25,2.69271,34.3779
1.94125,-25,2.7066,34.5279
1.99125,-25,2.72064,34.6823
2,-25,2.7231,34.7098
2,-25,2.7231,34.7098
2.01,-25,2.72595,34.7414
2.02,-25,2.72878,34.7731
2.035,-25,2.73306,34.8211
2.0575,-25,2.7395,34.8938
2.09125,-25,2.74923,35.0046
2.14125,-25,2.7638,35.1725
2.19125,-25,2.77852,35.3449
2.24125,-25,2.79339,35.5219
2.29125,-25,2.80849,35.7036
2.34125,-25,2.82371,35.8898
2.39125,-25,2.83911,36.0808
2.44125,-25,2.85473,36.2764
2.49125,-25,2.87048,36.4768
2.54125,-25,2.88641,36.682
2.59125,-25,2.90256,36.892
2.59125,-25,2.9026,36.8928
0,-27.5,2.45728,37.7416
0.01,-27.5,2.45895,37.7414
0.02,-27.5,2.46064,37.7413
0.035,-27.5,2.46318,37.7414
0.0575,-27.5,2.46701,37.7422
0.09125,-27.5,2.47281,37.7445
0.14125,-27.5,2.48152,37.7507
0.19125,-27.5,2.49035,37.7602
0.24125,-27.5,2.4993,37.7729
0.29125,-27.5,2.50839,37.789
0.34125,-27.5,2.51761,37.8084
0.39125,-27.5,2.52696,37.8311
0.44125,-27.5,2.53644,37.8571
0.49125,-27.5,2.54605,37.8865
0.54125,-27.5,2.5558,37.9193
0.59125,-27.5,2.56569,37.9555
0.64125,-27.5,2.5757,37.9951
0.69125,-27.5,2.58586,38.0381
0.74125,-27.5,2.59615,38.0846
0.79125,-27.5,2.60657,38.1345
0.84125,-27.5,2.61714,38.1879
0.89125,-27.5,2.62784,38.2448
0.94125,-27.5,2.63868,38.3051
0.99125,-27.5,2.64966,38.3691
1,-27.5,2.65158,38.3806
1,-27.5,2.65158,38.3806
1.01,-27.5,2.65381,38.3939
1.02,-27.5,2.65603,38.4074
1.035,-27.5,2.65937,38.4279
1.0575,-27.5,2.66442,38.4592
1.09125,-27.5,2.67204,38.5075
1.14125,-27.5,2.68345,38.5821
1.19125,-27.5,2.695,38.6603
1.24125,-27.5,2.70669,38.7422
1.29125,-27.5,2.71851,38.8276
1.34125,-27.5,2.73052,38.9167
1.39125,-27.5,2.74262,39.0095
1.44125,-27.5,2.75488,39.1061
1.49125,-27.5,2.76733,39.2063
1.54125,-27.5,2.77988,39.3102
1.59125,-27.5,2.7926,39.418
1.64125,-27.5,2.80544,39.5295
1.69125,-27.5,2.81849,39.6448
1.74125,-27.5,2.83163,39.764
1.79125,-27.5,2.84493,39.887
1.84125,-27.5,2.85843,40.0138
1.89125,-27.5,2.87203,40.1446
1.89125,-27.5,2.87208,40.1451
0,-30,2.62895,44.224
0.01,-30,2.63067,44.2238
0.02,-30,2.63241,44.2236
0.035,-30,2.63503,44.2237
0.0575,-30,2.63898,44.2243
0.09125,-30,2.64494,44.2263
0.14125,-30,2.65389,44.2317
0.19125,-30,2.66295,44.24
0.24125,-30,2.67213,44.2514
0.29125,-30,2.68142,44.2657
0.34125,-30,2.69085,44.2831
0.39125,-30,2.70039,44.3034
0.44125,-30,2.71005,44.3267
0.49125,-30,2.71984,44.3531
0.54125,-30,2.72976,44.3825
0.59125,-30,2.73978,44.415
0.64125,-30,2.74997,44.4506
0.69125,-30,2.76024,44.4892
0.74125,-30,2.77065,44.5309
0.79125,-30,2.78122,44.5757
0.84125,-30,2.79187,44.6237
0.89125,-30,2.80266,44.6747
0.94125,-30,2.81361,44.7289
0.99125,-30,2.82466,44.7863
1,-30,2.8266,44.7967
1,-30,2.8266,44.7967
1.01,-30,2.82884,44.8087
1.02,-30,2.83107,44.8208
1.035,-30,2.83443,44.8392
1.0575,-30,2.83951,44.8673
1.09125,-30,2.84716,44.9106
1.14125,-30,2.85862,44.9776
1.19125,-30,2.8702,45.0478
1.24125,-30,2.8819,45.1212
1.29125,-30,2.89378,45.1979
1.34125,-30,2.90574,45.2778
1.39125,-30,2.91785,45.361
1.44125,-30,2.9301,45.4476
1.44125,-30,2.93015,45.4479
0,-32.5,2.79732,51.1437
0.01,-32.5,2.79908,51.1434
0.02,-32.5,2.80087,51.1433
0.035,-32.5,2.80356,51.1432
0.0575,-32.5,2.80762,51.1437
0.09125,-32.5,2.81375,51.1454
0.14125,-32.5,2.82293,51.1501
0.19125,-32.5,2.83219,51.1575
0.24125,-32.5,2.84158,51.1675
0.29125,-32.5,2.85108,51.1803
0.34125,-32.5,2.86069,51.1957
0.39125,-32.5,2.87042,51.2139
0.44125,-32.5,2.88026,51.2348
0.49125,-32.5,2.89021,51.2584
0.54125,-32.5,2.90028,51.2847
0.59125,-32.5,2.91046,51.3138
0.64125,-32.5,2.92076,51.3456
0.69125,-32.5,2.93117,51.3802
0.74125,-32.5,2.9417,51.4175
0.74125,-32.5,2.94173,51.4176
0,-35,2.96295,58.4926
0.01,-35,2.96475,58.4923
0.02,-35,2.96659,58.4921
0.0275,-35,2.96797,58.4921
0.035,-35,2.96936,58.4921
0.04625,-35,2.97144,58.4922
0.06313,-35,2.97457,58.4926
0.07578,-35,2.97692,58.493
0.08527,-35,2.97869,58.4935
0.09477,-35,2.98047,58.494
0.109,-35,2.98314,58.495
0.12324,-35,2.98581,58.4962
0.12324,-35,2.98582,58.4962
0,2.5,-0.305243,0.374202
0.01,2.5,-0.305045,0.374364
0.02,2.5,-0.304839,0.374875
0.035,2.5,-0.304515,0.376296
0.0575,2.5,-0.303996,0.379908
0.09125,2.5,-0.303142,0.388668
0.14125,2.5,-0.301709,0.40907
0.19125,2.5,-0.300076,0.438411
0.24125,2.5,-0.29824,0.476777
0.29125,2.5,-0.296202,0.524255
0.34125,2.5,-0.29396,0.580934
0.39125,2.5,-0.291512,0.646902
0.44125,2.5,-0.288858,0.722252
0.49125,2.5,-0.285996,0.807074
0.54125,2.5,-0.282925,0.901464
0.59125,2.5,-0.279644,1.00552
0.64125,2.5,-0.276151,1.11933
0.69125,2.5,-0.272446,1.243
0.74125,2.5,-0.268528,1.37662
0.79125,2.5,-0.264394,1.52031
0.84125,2.5,-0.260045,1.67415
0.89125,2.5,-0.255477,1.83826
0.94125,2.5,-0.250691,2.01275
0.99125,2.5,-0.245685,2.19771
1,2.5,-0.244788,2.23116
1,2.5,-0.244788,2.23116
1.01,2.5,-0.243753,2.2698
1.02,2.5,-0.242708,2.30885
1.035,2.5,-0.241125,2.36824
1.0575,2.5,-0.238712,2.45912
1.09125,2.5,-0.235009,2.59952
1.14125,2.5,-0.229335,2.8166
1.19125,2.5,-0.223436,3.0446
1.24125,2.5,-0.217311,3.28365
1.29125,2.5,-0.210958,3.53387
1.34125,2.5,-0.204376,3.79538
1.39125,2.5,-0.197564,4.06829
1.44125,2.5,-0.19052,4.35275
1.49125,2.5,-0.183243,4.64886
1.54125,2.5,-0.175732,4.95678
1.59125,2.5,-0.167985,5.27661
1.64125,2.5,-0.16,5.60851
1.69125,2.5,-0.151777,5.95261
1.74125,2.5,-0.143315,6.30904
1.79125,2.5,-0.134611,6.67794
1.84125,2.5,-0.125664,7.05947
1.89125,2.5,-0.116473,7.45377
1.94125,2.5,-0.107037,7.86099
1.99125,2.5,-0.0973541,8.28127
2,2.5,-0.0956363,8.35616
2,2.5,-0.0956363,8.35616
2.01,2.5,-0.0936617,8.44226
2.02,2.5,-0.091676,8.52889
2.035,2.5,-0.0886796,8.65985
2.0575,2.5,-0.0841427,8.85853
2.09125,2.5,-0.0772425,9.16167
2.14125,2.5,-0.0668095,9.62211
2.19125,2.5,-0.0561249,10.0963
2.24125,2.5,-0.0451861,10.5843
2.29125,2.5,-0.0339919,11.0863
2.34125,2.5,-0.0225408,11.6026
2.39125,2.5,-0.0108314,12.1333
2.44125,2.5,0.0011378,12.6785
2.49125,2.5,0.0133683,13.2385
2.54125,2.5,0.0258614,13.8135
2.59125,2.5,0.0386187,14.4036
2.64125,2.5,0.0516416,15.009
2.69125,2.5,0.0649316,15.63
2.74125,2.5,0.0784901,16.2666
2.79125,2.5,0.0923185,16.9193
2.84125,2.5,0.106418,17.5881
2.89125,2.5,0.120791,18.2732
2.94125,2.5,0.135438,18.9749
2.99125,2.5,0.150361,19.6935
3,2.5,0.152998,19.8209
3,2.5,0.152998,19.8209
3.01,2.5,0.156024,19.9672
3.02,2.5,0.159064,20.1143
3.035,2.5,0.163644,20.3361
3.0575,2.5,0.170559,20.6718
3.09125,2.5,0.181039,21.1819
3.14125,2.5,0.196799,21.9523
3.19125,2.5,0.212839,22.7405
3.24125,2.5,0.229162,23.5466
3.29125,2.5,0.245769,24.371
3.34125,2.5,0.262662,25.214
3.39125,2.5,0.279842,26.0758
3.44125,2.5,0.29731,26.9566
3.49125,2.5,0.315068,27.8567
3.54125,2.5,0.333117,28.7766
3.59125,2.5,0.351458,29.7163
3.64125,2.5,0.370093,30.6763
3.69125,2.5,0.389023,31.6568
3.74125,2.5,0.408248,32.6581
3.79125,2.5,0.427771,33.6806
3.84125,2.5,0.447592,34.7246
3.89125,2.5,0.467712,35.7905
3.94125,2.5,0.488133,36.8785
3.99125,2.5,0.508856,37.9891
4,2.5,0.512509,38.1856
4,2.5,0.512509,38.1856
4.01,2.5,0.516698,38.4112
4.02,2.5,0.520904,38.6378
4.035,2.5,0.527233,38.9794
4.0575,2.5,0.536777,39.4958
4.09125,2.5,0.551208,40.2792
4.14125,2.5,0.572843,41.4596
4.19125,2.5,0.59478,42.6641
4.24125,2.5,0.617024,43.8929
4.29125,2.5,0.639574,45.1466
4.34125,2.5,0.662432,46.4256
4.39125,2.5,0.685598,47.7303
4.44125,2.5,0.709072,49.0611
4.49125,2.5,0.732854,50.4185
4.54125,2.5,0.756946,51.803
4.59125,2.5,0.781347,53.215
4.64125,2.5,0.806057,54.655
4.69125,2.5,0.831076,56.1236
4.74125,2.5,0.856404,57.6213
4.79125,2.5,0.882042,59.1486
4.84125,2.5,0.907987,60.706
4.89125,2.5,0.934241,62.2941
4.94125,2.5,0.960802,63.9135
4.99125,2.5,0.987669,65.5648
5,2.5,0.992397,65.8566
5,2.5,0.992397,65.8566
5.01,2.5,0.997815,66.1918
5.02,2.5,1.00325,66.5285
5.035,2.5,1.01143,67.0358
5.0575,2.5,1.02374,67.8025
5.09125,2.5,1.04232,68.9652
5.14125,2.5,1.0701,70.716
5.19125,2.5,1.09819,72.501
5.24125,2.5,1.12656,74.3214
5.29125,2.5,1.15523,76.1774
5.34125,2.5,1.18421,78.0698
5.39125,2.5,1.21346,79.9998
5.44125,2.5,1.24301,81.9676
5.49125,2.5,1.27286,83.9742
5.54125,2.5,1.30297,86.0207
5.59125,2.5,1.33338,88.1073
5.64125,2.5,1.36403,90.2357
5.69125,2.5,1.39499,92.4058
5.74125,2.5,1.42617,94.6195
5.79125,2.5,1.45765,96.8767
5.84125,2.5,1.48935,99.1794
5.89125,2.5,1.52133,101.528
5.94125,2.5,1.55351,103.923
5.99125,2.5,1.58596,106.366
6,2.5,1.59164,106.798
6,2.5,1.59164,106.798
6.01,2.5,1.59815,107.294
6.02,2.5,1.60469,107.792
6.035,2.5,1.6145,108.544
6.0575,2.5,1.62926,109.679
6.09125,2.5,1.65146,111.401
6.14125,2.5,1.68456,113.995
6.19125,2.5,1.7178,116.641
6.24125,2.5,1.75128,119.34
6.29125,2.5,1.78488,122.095
6.34125,2.5,1.81871,124.905
6.39125,2.5,1.85261,127.772
6.44125,2.5,1.88673,130.697
6.49125,2.5,1.92089,133.683
6.54125,2.5,1.95525,136.728
0,5,-0.644728,1.54748
0.01,5,-0.644728,1.54761
0.02,5,-0.644718,1.5481
0.035,5,-0.64469,1.54954
0.0575,5,-0.644613,1.55326
0.09125,5,-0.644421,1.56238
0.14125,5,-0.643968,1.58372
0.19125,5,-0.643312,1.61451
0.24125,5,-0.642453,1.65484
0.29125,5,-0.641389,1.70481
0.34125,5,-0.640118,1.76449
0.39125,5,-0.638641,1.834
0.44125,5,-0.636955,1.91343
0.49125,5,-0.635059,2.00287
0.54125,5,-0.632953,2.10242
0.59125,5,-0.630635,2.2122
0.64125,5,-0.628103,2.33229
0.69125,5,-0.625356,2.46281
0.74125,5,-0.622394,2.60386
0.79125,5,-0.619215,2.75555
0.84125,5,-0.615818,2.91799
0.89125,5,-0.612201,3.09128
0.94125,5,-0.608364,3.27555
0.99125,5,-0.604304,3.4709
1,5,-0.603573,3.50623
1,5,-0.603573,3.50623
1.01,5,-0.602727,3.54704
1.02,5,-0.601871,3.58829
1.035,5,-0.60057,3.65102
1.0575,5,-0.598582,3.74702
1.09125,5,-0.595514,3.89534
1.14125,5,-0.59078,4.12466
1.19125,5,-0.585819,4.36554
1.24125,5,-0.58063,4.61812
1.29125,5,-0.575211,4.8825
1.34125,5,-0.569561,5.15883
1.39125,5,-0.563678,5.44723
1.44125,5,-0.557562,5.74784
1.49125,5,-0.55121,6.06078
1.54125,5,-0.544622,6.3862
1.59125,5,-0.537795,6.72424
1.64125,5,-0.53073,7.07503
1.69125,5,-0.523424,7.43872
1.74125,5,-0.515876,7.81547
1.79125,5,-0.508084,8.20541
1.84125,5,-0.500048,8.60869
1.89125,5,-0.491766,9.02548
1.94125,5,-0.483235,9.45593
1.99125,5,-0.474456,9.90019
2,5,-0.472898,9.97934
2,5,-0.472898,9.97934
2.01,5,-0.471104,10.0704
2.02,5,-0.469298,10.1619
2.035,5,-0.466572,10.3004
2.0575,5,-0.46244,10.5104
2.09125,5,-0.456146,10.8308
2.14125,5,-0.44661,11.3175
2.19125,5,-0.436821,11.8187
2.24125,5,-0.426775,12.3346
2.29125,5,-0.416471,12.8653
2.34125,5,-0.405909,13.411
2.39125,5,-0.395086,13.9719
2.44125,5,-0.384001,14.5482
2.49125,5,-0.372653,15.1401
2.54125,5,-0.36104,15.7477
2.59125,5,-0.34916,16.3714
2.64125,5,-0.337013,17.0112
2.69125,5,-0.324597,17.6674
2.74125,5,-0.31191,18.3401
2.79125,5,-0.29895,19.0297
2.84125,5,-0.285717,19.7363
2.89125,5,-0.27221,20.4602
2.94125,5,-0.258425,21.2015
2.99125,5,-0.244363,21.9605
3,5,-0.241878,22.0951
3,5,-0.241878,22.0951
3.01,5,-0.239025,22.2497
3.02,5,-0.236155,22.405
3.035,5,-0.231833,22.6393
3.0575,5,-0.225303,22.9939
3.09125,5,-0.2154,23.5326
3.14125,5,-0.200494,24.3463
3.19125,5,-0.185306,25.1785
3.24125,5,-0.169832,26.0297
3.29125,5,-0.154072,26.9001
3.34125,5,-0.138025,27.7899
3.39125,5,-0.121688,28.6995
3.44125,5,-0.10506,29.629
3.49125,5,-0.088141,30.5789
3.54125,5,-0.0709284,31.5494
3.59125,5,-0.0534211,32.5407
3.64125,5,-0.0356181,33.5532
3.69125,5,-0.0175179,34.5871
3.74125,5,0.000880668,35.6429
3.79125,5,0.0195788,36.7208
3.84125,5,0.0385778,37.8211
3.89125,5,0.0578786,38.9443
3.94125,5,0.0774826,40.0905
3.99125,5,0.0973907,41.2602
4,5,0.100898,41.4672
4,5,0.100898,41.4672
4.01,5,0.104924,41.7048
4.02,5,0.10897,41.9434
4.035,5,0.115055,42.3031
4.0575,5,0.124235,42.8468
4.09125,5,0.138122,43.6715
4.14125,5,0.158951,44.9139
4.19125,5,0.180085,46.1812
4.24125,5,0.201529,47.4739
4.29125,5,0.223283,48.7923
4.34125,5,0.245348,50.1369
4.39125,5,0.267724,51.508
4.44125,5,0.290412,52.9062
4.49125,5,0.313412,54.3318
4.54125,5,0.336725,55.7853
4.59125,5,0.360352,57.2672
4.64125,5,0.384293,58.7779
4.69125,5,0.408548,60.3179
4.74125,5,0.433117,61.8877
4.79125,5,0.458,63.4879
4.84125,5,0.483198,65.1189
4.89125,5,0.50871,66.7812
4.94125,5,0.534536,68.4754
4.99125,5,0.560675,70.2021
5,5,0.565271,70.5072
5,5,0.565271,70.5072
5.01,5,0.570541,70.8575
5.02,5,0.575839,71.2094
5.035,5,0.583796,71.7396
5.0575,5,0.595787,72.5406
5.09125,5,0.61389,73.7549
5.14125,5,0.640969,75.5826
5.19125,5,0.668353,77.4449
5.24125,5,0.696049,79.3426
5.29125,5,0.724053,81.2764
5.34125,5,0.752363,83.247
5.39125,5,0.780978,85.2549
5.44125,5,0.809896,87.3009
5.49125,5,0.839115,89.3857
5.54125,5,0.868632,91.51
5.59125,5,0.898446,93.6745
5.64125,5,0.928552,95.88
5.69125,5,0.958949,98.1272
5.74125,5,0.989633,100.417
5.79125,5,1.0206,102.75
5.84125,5,1.05184,105.127
5.89125,5,1.08337,107.55
5.94125,5,1.11516,110.018
5.99125,5,1.14721,112.532
6,5,1.15284,112.976
6,5,1.15284,112.976
6.01,5,1.1593,113.487
6.02,5,1.16576,113.999
6.035,5,1.17547,114.771
6.0575,5,1.19009,115.937
6.09125,5,1.2121,117.705
6.14125,5,1.24492,120.366
6.19125,5,1.27798,123.077
6.24125,5,1.31128,125.839
6.29125,5,1.34481,128.653
6.34125,5,1.37856,131.521
6.39125,5,1.41252,134.443
6.44125,5,1.44668,137.42
6.49125,5,1.48104,140.453
6.54125,5,1.51558,143.544
6.59125,5,1.55031,146.693
6.64125,5,1.58519,149.902
6.69125,5,1.62024,153.171
6.74125,5,1.65543,156.502
6.79125,5,1.69075,159.896
6.84125,5,1.72619,163.353
6.89125,5,1.76174,166.875
6.94125,5,1.79738,170.463
6.99125,5,1.83311,174.118
7,5,1.83937,174.762
7,5,1.83937,174.762
7.01,5,1.84653,175.504
7.02,5,1.85369,176.248
7.035,5,1.86444,177.37
7.0575,5,1.88056,179.064
7.09125,5,1.90477,181.632
7.14125,5,1.94066,185.495
7.19125,5,1.97658,189.429
7.24125,5,2.01252,193.434
7.29125,5,2.0485,197.513
7.34125,5,2.08438,201.665
7.39125,5,2.12027,205.893
7.44125,5,2.15612,210.196
7.49125,5,2.19191,214.576
7.54125,5,2.22768,219.033
7.59125,5,2.26327,223.569
7.64125,5,2.29882,228.183
7.69125,5,2.33425,232.877
7.74125,5,2.36963,237.652
7.79125,5,2.40476,242.506
7.84125,5,2.43981,247.443
7.89125,5,2.47471,252.461
7.94125,5,2.50946,257.561
7.99125,5,2.54409,262.744
8,5,2.55008,263.654
8,5,2.55008,263.654
8.01,5,2.55697,264.704
8.02,5,2.56386,265.756
8.035,5,2.57417,267.343
8.0575,5,2.58963,269.736
8.09125,5,2.61271,273.357
8.14125,5,2.64677,278.791
8.19125,5,2.68071,284.307
8.24125,5,2.71436,289.906
8.29125,5,2.7479,295.59
8.34125,5,2.78125,301.358
8.39125,5,2.81444,307.21
8.44125,5,2.8475,313.146
8.49125,5,2.88029,319.166
8.54125,5,2.91299,325.271
8.59125,5,2.94556,331.461
8.64125,5,2.9779,337.733
8.69125,5,3.01016,344.092
8.74125,5,3.04233,350.536
8.79125,5,3.07429,357.063
8.84125,5,3.10623,363.677
8.89125,5,3.13799,370.375
8.94125,5,3.16976,377.16
8.99125,5,3.20137,384.029
9,5,3.2069,385.231
9,5,3.2069,385.231
9.01,5,3.21321,386.617
9.02,5,3.21953,388.009
9.035,5,3.22901,390.103
9.0575,5,3.24322,393.259
9.0913,5,3.2645,398.025
9.1412,5,3.29604,405.16
9.1912,5,3.32752,412.378
9.2413,5,3.35898,419.684
9.2913,5,3.39045,427.08
9.3413,5,3.42193,434.564
9.3912,5,3.45343,442.14
9.4412,5,3.48497,449.806
9.4913,5,3.51655,457.565
9.5413,5,3.5482,465.417
9.5913,5,3.57992,473.363
9.6412,5,3.61171,481.405
9.6912,5,3.6436,489.543
9.7413,5,3.6756,497.779
9.7913,5,3.7368,505.768
9.8413,5,3.80991,513.727
9.8912,5,3.88288,521.799
9.9412,5,3.95597,529.991
9.9913,5,4.02909,538.304
10,5,4.04179,539.757
0,7.5,-1.02514,3.60562
0.01,7.5,-1.02537,3.60567
0.02,7.5,-1.02559,3.60611
0.035,7.5,-1.0259,3.6075
0.0575,7.5,-1.02634,3.61123
0.09125,7.5,-1.02692,3.62055
0.14125,7.5,-1.02762,3.64263
0.19125,7.5,-1.02811,3.67466
0.24125,7.5,-1.0284,3.71674
0.29125,7.5,-1.02848,3.76897
0.34125,7.5,-1.02835,3.83146
0.39125,7.5,-1.02802,3.90429
0.44125,7.5,-1.02748,3.98758
0.49125,7.5,-1.02673,4.08143
0.54125,7.5,-1.02577,4.18594
0.59125,7.5,-1.0246,4.30122
0.64125,7.5,-1.02322,4.42738
0.69125,7.5,-1.02162,4.56454
0.74125,7.5,-1.0198,4.7128
0.79125,7.5,-1.01777,4.87228
0.84125,7.5,-1.01552,5.04309
0.89125,7.5,-1.01305,5.22535
0.94125,7.5,-1.01036,5.41919
0.99125,7.5,-1.00745,5.62471
1,7.5,-1.00692,5.66189
1,7.5,-1.00692,5.66189
1.01,7.5,-1.00631,5.70482
1.02,7.5,-1.00568,5.74823
1.035,7.5,-1.00472,5.81423
1.0575,7.5,-1.00325,5.91525
1.09125,7.5,-1.00096,6.07133
1.14125,7.5,-0.997372,6.31268
1.19125,7.5,-0.993561,6.56623
1.24125,7.5,-0.989521,6.83209
1.29125,7.5,-0.985251,7.11042
1.34125,7.5,-0.980751,7.40134
1.39125,7.5,-0.976019,7.70499
1.44125,7.5,-0.971053,8.02152
1.49125,7.5,-0.965853,8.35105
1.54125,7.5,-0.960417,8.69374
1.59125,7.5,-0.954743,9.04973
1.64125,7.5,-0.948831,9.41918
1.69125,7.5,-0.942679,9.80222
1.74125,7.5,-0.936285,10.199
1.79125,7.5,-0.929649,10.6097
1.84125,7.5,-0.922769,11.0345
1.89125,7.5,-0.915643,11.4735
1.94125,7.5,-0.908271,11.9269
1.99125,7.5,-0.90065,12.3949
2,7.5,-0.899295,12.4783
2,7.5,-0.899295,12.4783
2.01,7.5,-0.897736,12.5741
2.02,7.5,-0.896159,12.6706
2.035,7.5,-0.893781,12.8164
2.0575,7.5,-0.890171,13.0377
2.09125,7.5,-0.884661,13.3752
2.14125,7.5,-0.876286,13.8879
2.19125,7.5,-0.867659,14.4158
2.24125,7.5,-0.858778,14.9592
2.29125,7.5,-0.84964,15.5182
2.34125,7.5,-0.840244,16.093
2.39125,7.5,-0.830589,16.6838
2.44125,7.5,-0.820673,17.2908
2.49125,7.5,-0.810496,17.9143
2.54125,7.5,-0.800056,18.5543
2.59125,7.5,-0.78935,19.2111
2.64125,7.5,-0.778379,19.8849
2.69125,7.5,-0.76714,20.5759
2.74125,7.5,-0.755632,21.2844
2.79125,7.5,-0.743854,22.0105
2.84125,7.5,-0.731805,22.7546
2.89125,7.5,-0.719482,23.5167
2.94125,7.5,-0.706886,24.2972
2.99125,7.5,-0.694013,25.0962
3,7.5,-0.691739,25.2379
3,7.5,-0.691739,25.2379
3.01,7.5,-0.689126,25.4006
3.02,7.5,-0.686492,25.5641
3.035,7.5,-0.682528,25.8108
3.0575,7.5,-0.676534,26.184
3.09125,7.5,-0.667438,26.751
3.14125,7.5,-0.653728,27.6073
3.19125,7.5,-0.63974,28.4832
3.24125,7.5,-0.625468,29.3789
3.29125,7.5,-0.610914,30.2947
3.34125,7.5,-0.596074,31.2308
3.39125,7.5,-0.580948,32.1876
3.44125,7.5,-0.565535,33.1653
3.49125,7.5,-0.549833,34.1643
3.54125,7.5,-0.533841,35.1847
3.59125,7.5,-0.517557,36.227
3.64125,7.5,-0.500981,37.2913
3.69125,7.5,-0.484112,38.3781
3.74125,7.5,-0.466948,39.4876
3.79125,7.5,-0.449488,40.6201
3.84125,7.5,-0.431732,41.7761
3.89125,7.5,-0.413677,42.9557
3.94125,7.5,-0.395323,44.1594
3.99125,7.5,-0.376669,45.3875
4,7.5,-0.373384,45.6047
4,7.5,-0.373384,45.6047
4.01,7.5,-0.369613,45.8541
4.02,7.5,-0.365816,46.1046
4.035,7.5,-0.360108,46.4822
4.0575,7.5,-0.351495,47.0528
4.09125,7.5,-0.338461,47.9182
4.14125,7.5,-0.318898,49.2218
4.19125,7.5,-0.299036,50.5511
4.24125,7.5,-0.278868,51.9067
4.29125,7.5,-0.258396,53.289
4.34125,7.5,-0.237617,54.6983
4.39125,7.5,-0.216533,56.135
4.44125,7.5,-0.195141,57.5996
4.49125,7.5,-0.173441,59.0926
4.54125,7.5,-0.151434,60.6142
4.59125,7.5,-0.129118,62.1651
4.64125,7.5,-0.106494,63.7455
4.69125,7.5,-0.0835604,65.3561
4.74125,7.5,-0.060318,66.9972
4.79125,7.5,-0.0367664,68.6694
4.84125,7.5,-0.0129057,70.3731
4.89125,7.5,0.011264,72.1089
4.94125,7.5,0.0357424,73.8772
4.99125,7.5,0.0605293,75.6786
5,7.5,0.0648846,75.9968
5,7.5,0.0648846,75.9968
5.01,7.5,0.0698802,76.3622
5.02,7.5,0.07491,76.7292
5.035,7.5,0.0824602,77.282
5.0575,7.5,0.0938397,78.1171
5.09125,7.5,0.111023,79.3826
5.14125,7.5,0.136737,81.2868
5.19125,7.5,0.16275,83.2259
5.24125,7.5,0.189071,85.201
5.29125,7.5,0.215695,87.2124
5.34125,7.5,0.242622,89.261
5.39125,7.5,0.26985,91.3472
5.44125,7.5,0.297378,93.4716
5.49125,7.5,0.325204,95.635
5.54125,7.5,0.353327,97.838
5.59125,7.5,0.381743,100.081
5.64125,7.5,0.410452,102.365
5.69125,7.5,0.43945,104.691
5.74125,7.5,0.468735,107.059
5.79125,7.5,0.498303,109.47
5.84125,7.5,0.528164,111.925
5.89125,7.5,0.558283,114.424
5.94125,7.5,0.58868,116.969
5.99125,7.5,0.619353,119.559
6,7.5,0.624733,120.016
6,7.5,0.624733,120.016
6.01,7.5,0.63091,120.542
6.02,7.5,0.637096,121.069
6.035,7.5,0.646398,121.864
6.0575,7.5,0.660395,123.063
6.09125,7.5,0.681488,124.881
6.14125,7.5,0.71295,127.615
6.19125,7.5,0.744672,130.397
6.24125,7.5,0.776617,133.229
6.29125,7.5,0.808811,136.112
6.34125,7.5,0.841247,139.047
6.39125,7.5,0.873913,142.035
6.44125,7.5,0.906819,145.075
6.49125,7.5,0.939912,148.17
6.54125,7.5,0.973224,151.32
6.59125,7.5,1.00674,154.526
6.64125,7.5,1.04046,157.789
6.69125,7.5,1.07439,161.11
6.74125,7.5,1.10845,164.49
6.79125,7.5,1.1427,167.929
6.84125,7.5,1.17712,171.428
6.89125,7.5,1.21172,174.99
6.94125,7.5,1.24641,178.613
6.99125,7.5,1.28126,182.3
7,7.5,1.28735,182.949
7,7.5,1.28735,182.949
7.01,7.5,1.29434,183.697
7.02,7.5,1.30134,184.446
7.035,7.5,1.31184,185.576
7.0575,7.5,1.32762,187.282
7.09125,7.5,1.35133,189.866
7.14125,7.5,1.38652,193.749
7.19125,7.5,1.4218,197.697
7.24125,7.5,1.45717,201.714
7.29125,7.5,1.49262,205.799
7.34125,7.5,1.52816,209.954
7.39125,7.5,1.56369,214.179
7.44125,7.5,1.59928,218.475
7.49125,7.5,1.63494,222.844
7.54125,7.5,1.67056,227.285
7.59125,7.5,1.7062,231.8
7.64125,7.5,1.74189,236.389
7.69125,7.5,1.77749,241.053
7.74125,7.5,1.81309,245.793
7.79125,7.5,1.84866,250.61
7.84125,7.5,1.88423,255.505
7.89125,7.5,1.91967,260.476
7.94125,7.5,1.95507,265.526
7.99125,7.5,1.99044,270.657
8,7.5,1.99656,271.557
8,7.5,1.99656,271.557
8.01,7.5,2.00361,272.595
8.02,7.5,2.01066,273.637
8.035,7.5,2.02124,275.206
8.0575,7.5,2.03709,277.572
8.09125,7.5,2.06083,281.154
8.14125,7.5,2.09589,286.526
8.19125,7.5,2.13085,291.978
8.24125,7.5,2.16574,297.512
8.29125,7.5,2.20044,303.128
8.34125,7.5,2.23506,308.827
8.39125,7.5,2.26958,314.611
8.44125,7.5,2.30392,320.476
8.49125,7.5,2.33815,326.427
8.54125,7.5,2.37228,332.464
8.59125,7.5,2.40622,338.584
8.64125,7.5,2.44005,344.79
8.69125,7.5,2.47377,351.084
8.74125,7.5,2.50731,357.461
8.79125,7.5,2.54074,363.927
8.84125,7.5,2.57406,370.482
8.89125,7.5,2.60721,377.122
8.94125,7.5,2.64025,383.853
8.99125,7.5,2.67321,390.673
9,7.5,2.6789,391.865
9,7.5,2.6789,391.865
9.01,7.5,2.68546,393.243
9.02,7.5,2.69202,394.624
9.035,7.5,2.70187,396.704
9.0575,7.5,2.71661,399.84
9.0913,7.5,2.73869,404.577
9.1412,7.5,2.77129,411.67
9.1912,7.5,2.80379,418.852
9.2413,7.5,2.83621,426.128
9.2913,7.5,2.86851,433.494
9.3413,7.5,2.90075,440.956
9.3912,7.5,2.93294,448.514
9.4412,7.5,2.96504,456.164
9.4913,7.5,2.9971,463.914
9.5413,7.5,3.02913,471.763
9.5913,7.5,3.06109,479.707
9.6412,7.5,3.09305,487.755
9.6912,7.5,3.125,495.905
9.7413,7.5,3.15692,504.154
9.7913,7.5,3.18886,512.511
9.8413,7.5,3.22082,520.974
9.8912,7.5,3.25279,529.542
9.9412,7.5,3.2848,538.221
9.9913,7.5,3.31687,547.013
10,7.5,3.32243,548.544
0,10,-1.45485,6.64977
0.01,10,-1.45536,6.64968
0.02,10,-1.45584,6.65001
0.035,10,-1.45657,6.65126
0.0575,10,-1.45762,6.65487
0.09125,10,-1.45912,6.66419
0.14125,10,-1.46117,6.68668
0.19125,10,-1.46302,6.71962
0.24125,10,-1.46467,6.76312
0.29125,10,-1.46612,6.81729
0.34125,10,-1.46737,6.88223
0.39125,10,-1.46841,6.95804
0.44125,10,-1.46924,7.04484
0.49125,10,-1.46987,7.14273
0.54125,10,-1.47029,7.25182
0.59125,10,-1.47049,7.37224
0.64125,10,-1.47049,7.50409
0.69125,10,-1.47028,7.64749
0.74125,10,-1.46985,7.80256
0.79125,10,-1.46921,7.96941
0.84125,10,-1.46836,8.14818
0.89125,10,-1.46729,8.33897
0.94125,10,-1.466,8.54193
0.99125,10,-1.46449,8.75718
1,10,-1.46421,8.79611
1,10,-1.46421,8.79611
1.01,10,-1.46388,8.84107
1.02,10,-1.46353,8.88655
1.035,10,-1.46299,8.95569
1.0575,10,-1.46216,9.06151
1.09125,10,-1.46082,9.22504
1.14125,10,-1.45864,9.47793
1.19125,10,-1.45625,9.74363
1.24125,10,-1.45363,10.0223
1.29125,10,-1.45078,10.314
1.34125,10,-1.44771,10.619
1.39125,10,-1.44441,10.9374
1.44125,10,-1.44088,11.2692
1.49125,10,-1.43712,11.6148
1.54125,10,-1.43312,11.9741
1.59125,10,-1.4289,12.3475
1.64125,10,-1.42443,12.7349
1.69125,10,-1.41974,13.1367
1.74125,10,-1.4148,13.5529
1.79125,10,-1.40963,13.9837
1.84125,10,-1.40422,14.4293
1.89125,10,-1.39856,14.8898
1.94125,10,-1.39267,15.3654
1.99125,10,-1.38653,15.8563
2,10,-1.38544,15.9438
2,10,-1.38544,15.9438
2.01,10,-1.38417,16.0443
2.02,10,-1.38289,16.1455
2.035,10,-1.38096,16.2985
2.0575,10,-1.37802,16.5306
2.09125,10,-1.37352,16.8847
2.14125,10,-1.36664,17.4225
2.19125,10,-1.35952,17.9763
2.24125,10,-1.35214,18.5463
2.29125,10,-1.34452,19.1328
2.34125,10,-1.33664,19.7357
2.39125,10,-1.32851,20.3555
2.44125,10,-1.32012,20.9922
2.49125,10,-1.31148,21.6461
2.54125,10,-1.30258,22.3174
2.59125,10,-1.29343,23.0063
2.64125,10,-1.28401,23.713
2.69125,10,-1.27433,24.4378
2.74125,10,-1.26439,25.1808
2.79125,10,-1.25419,25.9422
2.84125,10,-1.24372,26.7224
2.89125,10,-1.23299,27.5215
2.94125,10,-1.22199,28.3398
2.99125,10,-1.21072,29.1775
3,10,-1.20873,29.326
3,10,-1.20873,29.326
3.01,10,-1.20644,29.4965
3.02,10,-1.20413,29.668
3.035,10,-1.20065,29.9265
3.0575,10,-1.19538,30.3177
3.09125,10,-1.18738,30.9121
3.14125,10,-1.1753,31.8096
3.19125,10,-1.16295,32.7275
3.24125,10,-1.15032,33.666
3.29125,10,-1.13742,34.6256
3.34125,10,-1.12425,35.6063
3.39125,10,-1.11079,36.6086
3.44125,10,-1.09706,37.6327
3.49125,10,-1.08305,38.6788
3.54125,10,-1.06876,39.7473
3.59125,10,-1.05418,40.8385
3.64125,10,-1.03933,41.9527
3.69125,10,-1.02419,43.0902
3.74125,10,-1.00877,44.2512
3.79125,10,-0.993065,45.4362
3.84125,10,-0.97707,46.6454
3.89125,10,-0.960792,47.8792
3.94125,10,-0.944228,49.1379
3.99125,10,-0.927373,50.4219
4,10,-0.924404,50.6489
4,10,-0.924404,50.6489
4.01,10,-0.920999,50.9096
4.02,10,-0.91756,51.1715
4.035,10,-0.912398,51.5661
4.0575,10,-0.904601,52.1625
4.09125,10,-0.8928,53.0669
4.14125,10,-0.875073,54.4289
4.19125,10,-0.85706,55.8175
4.24125,10,-0.838755,57.2331
4.29125,10,-0.820159,58.6762
4.34125,10,-0.80127,60.1472
4.39125,10,-0.782089,61.6464
4.44125,10,-0.762615,63.1743
4.49125,10,-0.742843,64.7313
4.54125,10,-0.722785,66.3177
4.59125,10,-0.702434,67.9341
4.64125,10,-0.681786,69.5808
4.69125,10,-0.66084,71.2584
4.74125,10,-0.63961,72.9671
4.79125,10,-0.618085,74.7076
4.84125,10,-0.596264,76.4803
4.89125,10,-0.574145,78.2856
4.94125,10,-0.551745,80.1241
4.99125,10,-0.529051,81.9961
5,10,-0.525063,82.3267
5,10,-0.525063,82.3267
5.01,10,-0.520478,82.7065
5.02,10,-0.515883,83.0875
5.035,10,-0.508964,83.6618
5.0575,10,-0.498538,84.529
5.09125,10,-0.48279,85.8431
5.14125,10,-0.459218,87.8193
5.19125,10,-0.435357,89.8311
5.24125,10,-0.41122,91.8791
5.29125,10,-0.386795,93.9638
5.34125,10,-0.362072,96.086
5.39125,10,-0.337082,98.246
5.44125,10,-0.311808,100.444
5.49125,10,-0.286249,102.682
5.54125,10,-0.260403,104.959
5.59125,10,-0.234299,107.277
5.64125,10,-0.207917,109.635
5.69125,10,-0.181248,112.035
5.74125,10,-0.15433,114.477
5.79125,10,-0.127142,116.962
5.84125,10,-0.0996859,119.49
5.89125,10,-0.0719573,122.062
5.94125,10,-0.0439939,124.679
5.99125,10,-0.0157721,127.342
6,10,-0.0108238,127.811
6,10,-0.0108238,127.811
6.01,10,-0.00513852,128.351
6.02,10,0.000554313,128.893
6.035,10,0.00911838,129.708
6.0575,10,0.0220036,130.94
6.09125,10,0.0414296,132.805
6.14125,10,0.070397,135.609
6.19125,10,0.0995935,138.46
6.24125,10,0.129046,141.36
6.29125,10,0.158699,144.31
6.34125,10,0.188583,147.31
6.39125,10,0.218709,150.362
6.44125,10,0.249016,153.465
6.49125,10,0.27954,156.621
6.54125,10,0.310291,159.83
6.59125,10,0.341204,163.094
6.64125,10,0.372316,166.412
6.69125,10,0.403639,169.787
6.74125,10,0.435101,173.217
6.79125,10,0.466743,176.706
6.84125,10,0.498578,180.252
6.89125,10,0.530528,183.857
6.94125,10,0.562638,187.522
6.99125,10,0.59492,191.247
7,10,0.600532,191.903
7,10,0.600532,191.903
7.01,10,0.607005,192.658
7.02,10,0.613481,193.415
7.035,10,0.623213,194.555
7.0575,10,0.637833,196.276
7.09125,10,0.659798,198.881
7.14125,10,0.692436,202.794
7.19125,10,0.725197,206.769
7.24125,10,0.758015,210.809
7.29125,10,0.790941,214.913
7.34125,10,0.823985,219.085
7.39125,10,0.857051,223.322
7.44125,10,0.8902,227.627
7.49125,10,0.923441,232.001
7.54125,10,0.956676,236.443
7.59125,10,0.989999,240.956
7.64125,10,1.0233,245.538
7.69125,10,1.05665,250.193
7.74125,10,1.09004,254.92
7.79125,10,1.12341,259.719
7.84125,10,1.15674,264.591
7.89125,10,1.19012,269.539
7.94125,10,1.22342,274.56
7.99125,10,1.25675,279.659
8,10,1.26251,280.553
8,10,1.26251,280.553
8.01,10,1.26916,281.585
8.02,10,1.27582,282.619
8.035,10,1.2858,284.177
8.0575,10,1.30076,286.527
8.09125,10,1.32321,290.082
8.14125,10,1.35637,295.412
8.19125,10,1.38948,300.819
8.24125,10,1.42256,306.306
8.29125,10,1.4555,311.871
8.34125,10,1.4884,317.517
8.39125,10,1.52125,323.246
8.44125,10,1.55395,329.053
8.49125,10,1.58659,334.945
8.54125,10,1.61917,340.921
8.59125,10,1.65159,346.978
8.64125,10,1.68393,353.121
8.69125,10,1.71621,359.351
8.74125,10,1.74832,365.663
8.79125,10,1.78035,372.064
8.84125,10,1.8123,378.554
8.89125,10,1.84409,385.129
8.94125,10,1.87579,391.794
8.99125,10,1.90742,398.551
9,10,1.91287,399.732
9,10,1.91287,399.732
9.01,10,1.91917,401.097
9.02,10,1.92547,402.466
9.035,10,1.93492,404.527
9.0575,10,1.94908,407.634
9.0913,10,1.97028,412.33
9.1412,10,2.00157,419.362
9.1912,10,2.03275,426.485
9.2413,10,2.06387,433.705
9.2913,10,2.09485,441.016
9.3413,10,2.12576,448.426
9.3912,10,2.15659,455.933
9.4412,10,2.18735,463.54
9.4913,10,2.21806,471.248
9.5413,10,2.24866,479.054
9.5913,10,2.27922,486.965
9.6412,10,2.30976,494.981
9.6912,10,2.34021,503.1
9.7413,10,2.37064,511.328
9.7913,10,2.40105,519.664
9.8413,10,2.43145,528.112
9.8912,10,2.46186,536.675
9.9412,10,2.49224,545.347
9.9913,10,2.52264,554.138
10,10,2.52792,555.673
0,12.5,-1.94438,10.7999
0.01,12.5,-1.94521,10.7995
0.02,12.5,-1.94602,10.7997
0.035,12.5,-1.94723,10.8006
0.0575,12.5,-1.94901,10.8039
0.09125,12.5,-1.95161,10.8129
0.14125,12.5,-1.95529,10.8354
0.19125,12.5,-1.95878,10.8688
0.24125,12.5,-1.96207,10.9132
0.29125,12.5,-1.96517,10.9688
0.34125,12.5,-1.96806,11.0357
0.39125,12.5,-1.97076,11.1139
0.44125,12.5,-1.97326,11.2037
0.49125,12.5,-1.97555,11.3051
0.54125,12.5,-1.97764,11.4182
0.59125,12.5,-1.97953,11.5431
0.64125,12.5,-1.98121,11.68
0.69125,12.5,-1.98269,11.829
0.74125,12.5,-1.98396,11.9902
0.79125,12.5,-1.98502,12.1638
0.84125,12.5,-1.98587,12.3498
0.89125,12.5,-1.98652,12.5484
0.94125,12.5,-1.98695,12.7598
0.99125,12.5,-1.98717,12.9839
1,12.5,-1.98719,13.0245
1,12.5,-1.98719,13.0245
1.01,12.5,-1.98721,13.0713
1.02,12.5,-1.98721,13.1187
1.035,12.5,-1.9872,13.1908
1.0575,12.5,-1.98714,13.301
1.09125,12.5,-1.98698,13.4715
1.14125,12.5,-1.98655,13.735
1.19125,12.5,-1.98592,14.012
1.24125,12.5,-1.98506,14.3026
1.29125,12.5,-1.98399,14.6068
1.34125,12.5,-1.9827,14.9249
1.39125,12.5,-1.98118,15.257
1.44125,12.5,-1.97945,15.6032
1.49125,12.5,-1.97749,15.9637
1.54125,12.5,-1.9753,16.3387
1.59125,12.5,-1.9729,16.7283
1.64125,12.5,-1.97026,17.1326
1.69125,12.5,-1.9674,17.5519
1.74125,12.5,-1.96431,17.9863
1.79125,12.5,-1.96099,18.436
1.84125,12.5,-1.95744,18.9011
1.89125,12.5,-1.95366,19.3818
1.94125,12.5,-1.94964,19.8782
1.99125,12.5,-1.94539,20.3907
2,12.5,-1.94463,20.482
2,12.5,-1.94463,20.482
2.01,12.5,-1.94375,20.5869
2.02,12.5,-1.94285,20.6926
2.035,12.5,-1.94149,20.8523
2.0575,12.5,-1.93941,21.0946
2.09125,12.5,-1.93619,21.4642
2.14125,12.5,-1.93123,22.0257
2.19125,12.5,-1.92604,22.6038
2.24125,12.5,-1.92061,23.1988
2.29125,12.5,-1.91493,23.811
2.34125,12.5,-1.90902,24.4404
2.39125,12.5,-1.90286,25.0873
2.44125,12.5,-1.89646,25.752
2.49125,12.5,-1.88982,26.4345
2.54125,12.5,-1.88293,27.1351
2.59125,12.5,-1.87579,27.8541
2.64125,12.5,-1.86841,28.5917
2.69125,12.5,-1.86078,29.348
2.74125,12.5,-1.85289,30.1233
2.79125,12.5,-1.84476,30.9178
2.84125,12.5,-1.83638,31.7318
2.89125,12.5,-1.82774,32.5655
2.94125,12.5,-1.81886,33.4192
2.99125,12.5,-1.80971,34.293
3,12.5,-1.80809,34.4479
3,12.5,-1.80809,34.4479
3.01,12.5,-1.80624,34.6257
3.02,12.5,-1.80435,34.8045
3.035,12.5,-1.80151,35.0742
3.0575,12.5,-1.79721,35.4822
3.09125,12.5,-1.79066,36.1021
3.14125,12.5,-1.78075,37.038
3.19125,12.5,-1.77059,37.9951
3.24125,12.5,-1.76016,38.9736
3.29125,12.5,-1.74947,39.9738
3.34125,12.5,-1.73853,40.9961
3.39125,12.5,-1.72732,42.0406
3.44125,12.5,-1.71586,43.1077
3.49125,12.5,-1.70413,44.1977
3.54125,12.5,-1.69214,45.3108
3.59125,12.5,-1.67988,46.4473
3.64125,12.5,-1.66736,47.6076
3.69125,12.5,-1.65458,48.7919
3.74125,12.5,-1.64152,50.0006
3.79125,12.5,-1.62821,51.234
3.84125,12.5,-1.61462,52.4923
3.89125,12.5,-1.60078,53.776
3.94125,12.5,-1.58666,55.0853
3.99125,12.5,-1.57228,56.4207
4,12.5,-1.56975,56.6568
4,12.5,-1.56975,56.6568
4.01,12.5,-1.56684,56.9278
4.02,12.5,-1.5639,57.2001
4.035,12.5,-1.55949,57.6104
4.0575,12.5,-1.55282,58.2304
4.09125,12.5,-1.54271,59.1706
4.14125,12.5,-1.52752,60.5861
4.19125,12.5,-1.51207,62.0288
4.24125,12.5,-1.49634,63.4994
4.29125,12.5,-1.48035,64.9981
4.34125,12.5,-1.46408,66.5253
4.39125,12.5,-1.44755,68.0815
4.44125,12.5,-1.43075,69.6669
4.49125,12.5,-1.41369,71.282
4.54125,12.5,-1.39634,72.9272
4.59125,12.5,-1.37874,74.6029
4.64125,12.5,-1.36086,76.3095
4.69125,12.5,-1.34273,78.0475
4.74125,12.5,-1.32432,79.8172
4.79125,12.5,-1.30565,81.6192
4.84125,12.5,-1.28671,83.4538
4.89125,12.5,-1.2675,85.3215
4.94125,12.5,-1.24805,87.2228
4.99125,12.5,-1.22831,89.1581
5,12.5,-1.22485,89.4997
5,12.5,-1.22485,89.4997
5.01,12.5,-1.22087,89.8921
5.02,12.5,-1.21687,90.2859
5.035,12.5,-1.21085,90.8792
5.0575,12.5,-1.20178,91.7752
5.09125,12.5,-1.18808,93.1324
5.14125,12.5,-1.16756,95.1729
5.19125,12.5,-1.14678,97.2492
5.24125,12.5,-1.12577,99.3618
5.29125,12.5,-1.10448,101.511
5.34125,12.5,-1.08295,103.698
5.39125,12.5,-1.06115,105.924
5.44125,12.5,-1.03911,108.187
5.49125,12.5,-1.01684,110.49
5.54125,12.5,-0.994297,112.832
5.59125,12.5,-0.971524,115.215
5.64125,12.5,-0.948521,117.638
5.69125,12.5,-0.925253,120.102
5.74125,12.5,-0.901776,122.609
5.79125,12.5,-0.878039,125.158
5.84125,12.5,-0.854086,127.749
5.89125,12.5,-0.829905,130.385
5.94125,12.5,-0.805501,133.064
5.99125,12.5,-0.780876,135.789
6,12.5,-0.776582,136.269
6,12.5,-0.776582,136.269
6.01,12.5,-0.771622,136.821
6.02,12.5,-0.766656,137.375
6.035,12.5,-0.759183,138.209
6.0575,12.5,-0.747943,139.468
6.09125,12.5,-0.731002,141.374
6.14125,12.5,-0.705716,144.238
6.19125,12.5,-0.680263,147.147
6.24125,12.5,-0.654576,150.106
6.29125,12.5,-0.628724,153.112
6.34125,12.5,-0.602647,156.168
6.39125,12.5,-0.576416,159.273
6.44125,12.5,-0.549965,162.43
6.49125,12.5,-0.523357,165.638
6.54125,12.5,-0.496596,168.897
6.59125,12.5,-0.469623,172.209
6.64125,12.5,-0.442512,175.575
6.69125,12.5,-0.415266,178.994
6.74125,12.5,-0.387821,182.468
6.79125,12.5,-0.360257,185.998
6.84125,12.5,-0.332577,189.583
6.89125,12.5,-0.304713,193.225
6.94125,12.5,-0.276749,196.925
6.99125,12.5,-0.24869,200.682
7,12.5,-0.243788,201.344
7,12.5,-0.243788,201.344
7.01,12.5,-0.238153,202.104
7.02,12.5,-0.232514,202.867
7.035,12.5,-0.224039,204.017
7.0575,12.5,-0.211309,205.751
7.09125,12.5,-0.192186,208.374
7.14125,12.5,-0.163771,212.312
7.19125,12.5,-0.135242,216.31
7.24125,12.5,-0.106652,220.369
7.29125,12.5,-0.0780103,224.49
7.34125,12.5,-0.0492334,228.676
7.39125,12.5,-0.0204496,232.924
7.44125,12.5,0.00845214,237.238
7.49125,12.5,0.0373781,241.617
7.54125,12.5,0.0663503,246.062
7.59125,12.5,0.0953603,250.574
7.64125,12.5,0.124371,255.152
7.69125,12.5,0.153476,259.801
7.74125,12.5,0.182533,264.516
7.79125,12.5,0.211666,269.303
7.84125,12.5,0.240773,274.16
7.89125,12.5,0.26988,279.088
7.94125,12.5,0.298978,284.088
7.99125,12.5,0.328029,289.159
8,12.5,0.333087,290.05
8,12.5,0.333087,290.05
8.01,12.5,0.338898,291.076
8.02,12.5,0.344715,292.105
8.035,12.5,0.353443,293.654
8.0575,12.5,0.366532,295.991
8.09125,12.5,0.386138,299.523
8.14125,12.5,0.415161,304.82
8.19125,12.5,0.44417,310.192
8.24125,12.5,0.473076,315.638
8.29125,12.5,0.501967,321.162
8.34125,12.5,0.53085,326.766
8.39125,12.5,0.55961,332.446
8.44125,12.5,0.588341,338.207
8.49125,12.5,0.617054,344.05
8.54125,12.5,0.645633,349.972
8.59125,12.5,0.674176,355.977
8.64125,12.5,0.702694,362.066
8.69125,12.5,0.731102,368.239
8.74125,12.5,0.759401,374.494
8.79125,12.5,0.787665,380.837
8.84125,12.5,0.815898,387.268
8.89125,12.5,0.844017,393.786
8.94125,12.5,0.872026,400.39
8.99125,12.5,0.9,407.087
9,12.5,0.904851,408.26
9,12.5,0.904851,408.26
9.01,12.5,0.910426,409.613
9.02,12.5,0.916015,410.97
9.035,12.5,0.924392,413.014
9.0575,12.5,0.936942,416.094
9.0913,12.5,0.95575,420.751
9.1412,12.5,0.983521,427.726
9.1912,12.5,1.01122,434.793
9.2413,12.5,1.03886,441.956
9.2913,12.5,1.06645,449.216
9.3413,12.5,1.09403,456.576
9.3912,12.5,1.12149,464.032
9.4412,12.5,1.14893,471.591
9.4913,12.5,1.17637,479.255
9.5413,12.5,1.20373,487.02
9.5913,12.5,1.23108,494.892
9.6412,12.5,1.25845,502.874
9.6912,12.5,1.28576,510.961
9.7413,12.5,1.31309,519.163
9.7913,12.5,1.34043,527.476
9.8413,12.5,1.36779,535.906
9.8912,12.5,1.39518,544.452
9.9412,12.5,1.42262,553.119
9.9913,12.5,1.45013,561.91
10,12.5,1.45487,563.443
0,15,-2.50685,16.1985
0.01,15,-2.50806,16.1979
0.02,15,-2.50926,16.1977
0.035,15,-2.51106,16.1982
0.0575,15,-2.51372,16.2009
0.09125,15,-2.51764,16.2092
0.14125,15,-2.5233,16.2309
0.19125,15,-2.52877,16.2641
0.24125,15,-2.53405,16.3087
0.29125,15,-2.53915,16.365
0.34125,15,-2.54405,16.4331
0.39125,15,-2.54876,16.513
0.44125,15,-2.55328,16.6049
0.49125,15,-2.55761,16.7089
0.54125,15,-2.56175,16.8251
0.59125,15,-2.56569,16.9536
0.64125,15,-2.56944,17.0947
0.69125,15,-2.57299,17.2483
0.74125,15,-2.57635,17.4147
0.79125,15,-2.5795,17.5939
0.84125,15,-2.58246,17.7861
0.89125,15,-2.58522,17.9914
0.94125,15,-2.58778,18.21
0.99125,15,-2.59014,18.442
1,15,-2.59054,18.4839
1,15,-2.59054,18.4839
1.01,15,-2.59099,18.5324
1.02,15,-2.59141,18.5815
1.035,15,-2.59205,18.656
1.0575,15,-2.59296,18.7702
1.09125,15,-2.59426,18.9466
1.14125,15,-2.59601,19.2196
1.19125,15,-2.59755,19.5066
1.24125,15,-2.5989,19.8076
1.29125,15,-2.60003,20.123
1.34125,15,-2.60096,20.4527
1.39125,15,-2.60168,20.797
1.44125,15,-2.60219,21.1559
1.49125,15,-2.60249,21.5298
1.54125,15,-2.60258,21.9187
1.59125,15,-2.60246,22.3228
1.64125,15,-2.60212,22.7423
1.69125,15,-2.60157,23.1773
1.74125,15,-2.60081,23.6279
1.79125,15,-2.59983,24.0945
1.84125,15,-2.59864,24.5771
1.89125,15,-2.59723,25.0759
1.94125,15,-2.5956,25.5911
1.99125,15,-2.59375,26.1229
2,15,-2.59342,26.2176
2,15,-2.59342,26.2176
2.01,15,-2.59302,26.3266
2.02,15,-2.5926,26.4362
2.035,15,-2.59196,26.6019
2.0575,15,-2.59097,26.8534
2.09125,15,-2.5894,27.237
2.14125,15,-2.58689,27.8196
2.19125,15,-2.58416,28.4196
2.24125,15,-2.58121,29.0372
2.29125,15,-2.57804,29.6724
2.34125,15,-2.57464,30.3256
2.39125,15,-2.57101,30.9969
2.44125,15,-2.56716,31.6865
2.49125,15,-2.56309,32.3947
2.54125,15,-2.55879,33.1217
2.59125,15,-2.55425,33.8676
2.64125,15,-2.5495,34.6328
2.69125,15,-2.54451,35.4174
2.74125,15,-2.53929,36.2216
2.79125,15,-2.53384,37.0457
2.84125,15,-2.52817,37.8899
2.89125,15,-2.52225,38.7545
2.94125,15,-2.51612,39.6396
2.99125,15,-2.50974,40.5456
3,15,-2.50861,40.7062
3,15,-2.50861,40.7062
3.01,15,-2.50731,40.8906
3.02,15,-2.50598,41.0759
3.035,15,-2.50398,41.3555
3.0575,15,-2.50094,41.7785
3.09125,15,-2.49629,42.421
3.14125,15,-2.48921,43.3911
3.19125,15,-2.4819,44.3829
3.24125,15,-2.47435,45.3969
3.29125,15,-2.46657,46.4332
3.34125,15,-2.45855,47.4922
3.39125,15,-2.45031,48.574
3.44125,15,-2.44181,49.6791
3.49125,15,-2.43309,50.8077
3.54125,15,-2.42412,51.9601
3.59125,15,-2.41492,53.1364
3.64125,15,-2.40548,54.3372
3.69125,15,-2.39581,55.5626
3.74125,15,-2.38589,56.813
3.79125,15,-2.37573,58.0887
3.84125,15,-2.36535,59.3899
3.89125,15,-2.35472,60.717
3.94125,15,-2.34386,62.0703
3.99125,15,-2.33275,63.4503
4,15,-2.3308,63.6942
4,15,-2.3308,63.6942
4.01,15,-2.32854,63.9743
4.02,15,-2.32627,64.2555
4.035,15,-2.32285,64.6794
4.0575,15,-2.31768,65.3199
4.09125,15,-2.30983,66.2909
4.14125,15,-2.29802,67.7526
4.19125,15,-2.28596,69.2422
4.24125,15,-2.27367,70.7599
4.29125,15,-2.26114,72.3063
4.34125,15,-2.24839,73.8816
4.39125,15,-2.23538,75.4864
4.44125,15,-2.22216,77.1208
4.49125,15,-2.20869,78.7854
4.54125,15,-2.195,80.4804
4.59125,15,-2.18106,82.2064
4.64125,15,-2.16691,83.9636
4.69125,15,-2.1525,85.7525
4.74125,15,-2.13789,87.5734
4.79125,15,-2.12303,89.4269
4.84125,15,-2.10796,91.3132
4.89125,15,-2.09264,93.233
4.94125,15,-2.07713,95.1864
4.99125,15,-2.06136,97.1741
5,15,-2.05861,97.5248
5,15,-2.05861,97.5248
5.01,15,-2.05542,97.9277
5.02,15,-2.05223,98.332
5.035,15,-2.04742,98.9411
5.0575,15,-2.04016,99.8607
5.09125,15,-2.0292,101.254
5.14125,15,-2.01278,103.347
5.19125,15,-1.99613,105.476
5.24125,15,-1.97929,107.641
5.29125,15,-1.96222,109.843
5.34125,15,-1.94497,112.083
5.39125,15,-1.92747,114.36
5.44125,15,-1.90979,116.676
5.49125,15,-1.89188,119.031
5.54125,15,-1.8738,121.425
5.59125,15,-1.85548,123.859
5.64125,15,-1.837,126.334
5.69125,15,-1.81829,128.849
5.74125,15,-1.79943,131.405
5.79125,15,-1.78036,134.004
5.84125,15,-1.76108,136.645
5.89125,15,-1.74163,139.329
5.94125,15,-1.72203,142.057
5.99125,15,-1.70222,144.829
6,15,-1.69877,145.317
6,15,-1.69877,145.317
6.01,15,-1.69479,145.878
6.02,15,-1.69079,146.441
6.035,15,-1.68478,147.289
6.0575,15,-1.67575,148.569
6.09125,15,-1.66212,150.506
6.14125,15,-1.64182,153.414
6.19125,15,-1.62133,156.368
6.24125,15,-1.60072,159.368
6.29125,15,-1.57992,162.417
6.34125,15,-1.55899,165.513
6.39125,15,-1.53791,168.658
6.44125,15,-1.51672,171.852
6.49125,15,-1.49537,175.096
6.54125,15,-1.47385,178.391
6.59125,15,-1.45223,181.737
6.64125,15,-1.43048,185.135
6.69125,15,-1.40862,188.585
6.74125,15,-1.38665,192.087
6.79125,15,-1.36456,195.644
6.84125,15,-1.34237,199.255
6.89125,15,-1.32008,202.921
6.94125,15,-1.29769,206.642
6.99125,15,-1.27522,210.419
7,15,-1.27133,211.083
7,15,-1.27133,211.083
7.01,15,-1.26682,211.848
7.02,15,-1.26231,212.614
7.035,15,-1.25553,213.769
7.0575,15,-1.24535,215.51
7.09125,15,-1.23005,218.144
7.14125,15,-1.2073,222.096
7.19125,15,-1.18455,226.104
7.24125,15,-1.16167,230.173
7.29125,15,-1.13879,234.301
7.34125,15,-1.11579,238.491
7.39125,15,-1.09278,242.743
7.44125,15,-1.06972,247.056
7.49125,15,-1.04663,251.433
7.54125,15,-1.02353,255.872
7.59125,15,-1.00033,260.378
7.64125,15,-0.97714,264.948
7.69125,15,-0.953932,269.584
7.74125,15,-0.930746,274.286
7.79125,15,-0.907467,279.057
7.84125,15,-0.884259,283.894
7.89125,15,-0.860971,288.802
7.94125,15,-0.837761,293.778
7.99125,15,-0.814518,298.826
8,15,-0.810483,299.712
8,15,-0.810483,299.712
8.01,15,-0.805833,300.733
8.02,15,-0.80118,301.756
8.035,15,-0.794198,303.298
8.0575,15,-0.783737,305.621
8.09125,15,-0.76805,309.134
8.14125,15,-0.744793,314.401
8.19125,15,-0.721632,319.738
8.24125,15,-0.698453,325.151
8.29125,15,-0.67525,330.641
8.34125,15,-0.65215,336.204
8.39125,15,-0.629039,341.847
8.44125,15,-0.60591,347.569
8.49125,15,-0.582886,353.368
8.54125,15,-0.559856,359.249
8.59125,15,-0.536808,365.212
8.64125,15,-0.513867,371.255
8.69125,15,-0.49092,377.383
8.74125,15,-0.467954,383.597
8.79125,15,-0.445093,389.893
8.84125,15,-0.422222,396.279
8.89125,15,-0.399328,402.753
8.94125,15,-0.376532,409.314
8.99125,15,-0.35372,415.967
9,15,-0.34976,417.133
9,15,-0.34976,417.133
9.01,15,-0.34521,418.477
9.02,15,-0.34064,419.826
9.035,15,-0.333791,421.857
9.0575,15,-0.323521,424.919
9.0913,15,-0.308112,429.548
9.1412,15,-0.285332,436.483
9.1912,15,-0.262556,443.512
9.2413,15,-0.239773,450.638
9.2913,15,-0.216973,457.864
9.3413,15,-0.19412,465.192
9.3912,15,-0.171323,472.619
9.4412,15,-0.148466,480.152
9.4913,15,-0.12553,487.793
9.5413,15,-0.102624,495.537
9.5913,15,-0.079637,503.394
9.6412,15,-0.0565898,511.361
9.6912,15,-0.0334595,519.444
9.7413,15,-0.0102164,527.644
9.7913,15,0.013046,535.958
9.8413,15,0.0364361,544.395
9.8912,15,0.0599411,552.955
9.9412,15,0.0835839,561.641
9.9913,15,0.107397,570.456
10,15,0.111504,571.995
0,17.5,-3.1584,23.016
0.01,17.5,-3.1601,23.0148
0.02,17.5,-3.16177,23.0141
0.035,17.5,-3.16428,23.0139
0.0575,17.5,-3.16801,23.0156
0.09125,17.5,-3.17355,23.0225
0.14125,17.5,-3.1816,23.0426
0.19125,17.5,-3.18949,23.0746
0.24125,17.5,-3.19719,23.1185
0.29125,17.5,-3.20473,23.1744
0.34125,17.5,-3.21208,23.2426
0.39125,17.5,-3.21926,23.323
0.44125,17.5,-3.22626,23.4159
0.49125,17.5,-3.23308,23.5213
0.54125,17.5,-3.23973,23.6394
0.59125,17.5,-3.24619,23.7703
0.64125,17.5,-3.25247,23.9141
0.69125,17.5,-3.25858,24.0709
0.74125,17.5,-3.2645,24.241
0.79125,17.5,-3.27024,24.4244
0.84125,17.5,-3.27579,24.6212
0.89125,17.5,-3.28117,24.8316
0.94125,17.5,-3.28636,25.0558
0.99125,17.5,-3.29136,25.2938
1,17.5,-3.29221,25.3369
1,17.5,-3.29221,25.3369
1.01,17.5,-3.2932,25.3867
1.02,17.5,-3.29415,25.437
1.035,17.5,-3.29559,25.5136
1.0575,17.5,-3.2977,25.6308
1.09125,17.5,-3.30081,25.8121
1.14125,17.5,-3.30525,26.0926
1.19125,17.5,-3.30951,26.3875
1.24125,17.5,-3.31358,26.6971
1.29125,17.5,-3.31746,27.0214
1.34125,17.5,-3.32115,27.3606
1.39125,17.5,-3.32466,27.7149
1.44125,17.5,-3.32797,28.0844
1.49125,17.5,-3.33109,28.4692
1.54125,17.5,-3.33402,28.8697
1.59125,17.5,-3.33675,29.2858
1.64125,17.5,-3.3393,29.7178
1.69125,17.5,-3.34165,30.1658
1.74125,17.5,-3.34381,30.63
1.79125,17.5,-3.34576,31.1107
1.84125,17.5,-3.34753,31.6079
1.89125,17.5,-3.3491,32.1218
1.94125,17.5,-3.35047,32.6527
1.99125,17.5,-3.35166,33.2006
2,17.5,-3.35185,33.2982
2,17.5,-3.35185,33.2982
2.01,17.5,-3.35206,33.4104
2.02,17.5,-3.35225,33.5235
2.035,17.5,-3.35253,33.6942
2.0575,17.5,-3.35291,33.9533
2.09125,17.5,-3.35342,34.3486
2.14125,17.5,-3.35399,34.949
2.19125,17.5,-3.35438,35.5673
2.24125,17.5,-3.35456,36.2036
2.29125,17.5,-3.35456,36.8582
2.34125,17.5,-3.35433,37.5312
2.39125,17.5,-3.35392,38.2229
2.44125,17.5,-3.3533,38.9335
2.49125,17.5,-3.35249,39.6631
2.54125,17.5,-3.35147,40.4121
2.59125,17.5,-3.35025,41.1805
2.64125,17.5,-3.34882,41.9687
2.69125,17.5,-3.34721,42.7768
2.74125,17.5,-3.34537,43.6052
2.79125,17.5,-3.34334,44.4539
2.84125,17.5,-3.3411,45.3232
2.89125,17.5,-3.33868,46.2134
2.94125,17.5,-3.33603,47.1247
2.99125,17.5,-3.33318,48.0573
3,17.5,-3.33268,48.2226
3,17.5,-3.33268,48.2226
3.01,17.5,-3.3321,48.4124
3.02,17.5,-3.33147,48.6032
3.035,17.5,-3.33054,48.8909
3.0575,17.5,-3.32911,49.3262
3.09125,17.5,-3.32689,49.9875
3.14125,17.5,-3.32343,50.9858
3.19125,17.5,-3.31977,52.0063
3.24125,17.5,-3.31591,53.0493
3.29125,17.5,-3.31185,54.1153
3.34125,17.5,-3.30757,55.2043
3.39125,17.5,-3.30309,56.3168
3.44125,17.5,-3.29841,57.4529
3.49125,17.5,-3.29353,58.613
3.54125,17.5,-3.28845,59.7972
3.59125,17.5,-3.28316,61.006
3.64125,17.5,-3.27766,62.2395
3.69125,17.5,-3.27197,63.4982
3.74125,17.5,-3.26607,64.7822
3.79125,17.5,-3.25999,66.0918
3.84125,17.5,-3.25368,67.4275
3.89125,17.5,-3.24719,68.7893
3.94125,17.5,-3.24048,70.1779
3.99125,17.5,-3.23359,71.5932
4,17.5,-3.23237,71.8434
4,17.5,-3.23237,71.8434
4.01,17.5,-3.23096,72.1307
4.02,17.5,-3.22954,72.4191
4.035,17.5,-3.22739,72.8538
4.0575,17.5,-3.22414,73.5104
4.09125,17.5,-3.21919,74.506
4.14125,17.5,-3.21168,76.0042
4.19125,17.5,-3.20401,77.5304
4.24125,17.5,-3.1961,79.0853
4.29125,17.5,-3.18803,80.6689
4.34125,17.5,-3.17974,82.2819
4.39125,17.5,-3.17128,83.9243
4.44125,17.5,-3.1626,85.5968
4.49125,17.5,-3.15375,87.2995
4.54125,17.5,-3.1447,89.0328
4.59125,17.5,-3.13546,90.7972
4.64125,17.5,-3.12604,92.593
4.69125,17.5,-3.11643,94.4205
4.74125,17.5,-3.10664,96.2802
4.79125,17.5,-3.09666,98.1724
4.84125,17.5,-3.08649,100.098
4.89125,17.5,-3.07615,102.056
4.94125,17.5,-3.06563,104.048
4.99125,17.5,-3.05493,106.075
5,17.5,-3.05307,106.432
5,17.5,-3.05307,106.432
5.01,17.5,-3.05091,106.843
5.02,17.5,-3.04873,107.255
5.035,17.5,-3.04545,107.875
5.0575,17.5,-3.04051,108.812
5.09125,17.5,-3.03302,110.231
5.14125,17.5,-3.02181,112.362
5.19125,17.5,-3.0104,114.529
5.24125,17.5,-2.99884,116.733
5.29125,17.5,-2.98714,118.972
5.34125,17.5,-2.97523,121.25
5.39125,17.5,-2.9632,123.564
5.44125,17.5,-2.95097,125.917
5.49125,17.5,-2.93862,128.307
5.54125,17.5,-2.92608,130.738
5.59125,17.5,-2.91343,133.207
5.64125,17.5,-2.90058,135.716
5.69125,17.5,-2.88763,138.265
5.74125,17.5,-2.87449,140.856
5.79125,17.5,-2.86126,143.487
5.84125,17.5,-2.84784,146.161
5.89125,17.5,-2.83431,148.877
5.94125,17.5,-2.82067,151.635
5.99125,17.5,-2.80685,154.437
6,17.5,-2.80447,154.93
6,17.5,-2.80447,154.93
6.01,17.5,-2.80169,155.497
6.02,17.5,-2.7989,156.066
6.035,17.5,-2.79471,156.923
6.0575,17.5,-2.78841,158.216
6.09125,17.5,-2.7789,160.172
6.14125,17.5,-2.76472,163.107
6.19125,17.5,-2.75043,166.087
6.24125,17.5,-2.73603,169.113
6.29125,17.5,-2.72155,172.185
6.34125,17.5,-2.7069,175.305
6.39125,17.5,-2.69221,178.472
6.44125,17.5,-2.67736,181.688
6.49125,17.5,-2.66243,184.952
6.54125,17.5,-2.64745,188.264
6.59125,17.5,-2.63231,191.628
6.64125,17.5,-2.61711,195.041
6.69125,17.5,-2.60183,198.506
6.74125,17.5,-2.5865,202.021
6.79125,17.5,-2.57107,205.589
6.84125,17.5,-2.55551,209.211
6.89125,17.5,-2.53996,212.885
6.94125,17.5,-2.52432,216.614
6.99125,17.5,-2.50856,220.397
7,17.5,-2.50586,221.062
7,17.5,-2.50586,221.062
7.01,17.5,-2.50271,221.827
7.02,17.5,-2.49955,222.595
7.035,17.5,-2.4948,223.751
7.0575,17.5,-2.48768,225.493
7.09125,17.5,-2.47697,228.129
7.14125,17.5,-2.46109,232.081
7.19125,17.5,-2.44516,236.09
7.24125,17.5,-2.42913,240.157
7.29125,17.5,-2.41309,244.282
7.34125,17.5,-2.39705,248.466
7.39125,17.5,-2.38094,252.711
7.44125,17.5,-2.36474,257.017
7.49125,17.5,-2.34859,261.383
7.54125,17.5,-2.33237,265.813
7.59125,17.5,-2.31607,270.306
7.64125,17.5,-2.29983,274.861
7.69125,17.5,-2.28353,279.482
7.74125,17.5,-2.2672,284.168
7.79125,17.5,-2.25085,288.92
7.84125,17.5,-2.23443,293.74
7.89125,17.5,-2.21807,298.626
7.94125,17.5,-2.20166,303.582
7.99125,17.5,-2.18519,308.608
8,17.5,-2.18237,309.49
8,17.5,-2.18237,309.49
8.01,17.5,-2.17909,310.505
8.02,17.5,-2.1758,311.524
8.035,17.5,-2.17085,313.058
8.0575,17.5,-2.16343,315.372
8.09125,17.5,-2.15231,318.868
8.14125,17.5,-2.13583,324.109
8.19125,17.5,-2.11929,329.423
8.24125,17.5,-2.10282,334.809
8.29125,17.5,-2.08628,340.271
8.34125,17.5,-2.06968,345.81
8.39125,17.5,-2.05315,351.425
8.44125,17.5,-2.03655,357.119
8.49125,17.5,-2.01989,362.894
8.54125,17.5,-2.00328,368.746
8.59125,17.5,-1.98661,374.683
8.64125,17.5,-1.96986,380.703
8.69125,17.5,-1.95316,386.805
8.74125,17.5,-1.93638,392.994
8.79125,17.5,-1.91952,399.271
8.84125,17.5,-1.90269,405.633
8.89125,17.5,-1.88578,412.087
8.94125,17.5,-1.86876,418.633
8.99125,17.5,-1.85176,425.268
9,17.5,-1.8488,426.431
9,17.5,-1.8488,426.431
9.01,17.5,-1.84539,427.773
9.02,17.5,-1.84196,429.119
9.035,17.5,-1.83682,431.146
9.0575,17.5,-1.82909,434.202
9.0913,17.5,-1.81747,438.824
9.1412,17.5,-1.80022,445.75
9.1912,17.5,-1.78289,452.773
9.2413,17.5,-1.76545,459.896
9.2913,17.5,-1.74791,467.123
9.3413,17.5,-1.73021,474.455
9.3912,17.5,-1.71247,481.89
9.4412,17.5,-1.69458,489.436
9.4913,17.5,-1.67649,497.093
9.5413,17.5,-1.65834,504.859
9.5913,17.5,-1.64,512.742
9.6412,17.5,-1.62148,520.742
9.6912,17.5,-1.60277,528.862
9.7413,17.5,-1.58387,537.103
9.7913,17.5,-1.56476,545.469
9.8413,17.5,-1.54539,553.964
9.8912,17.5,-1.52585,562.585
9.9412,17.5,-1.50605,571.341
9.9913,17.5,-1.48597,580.232
10,17.5,-1.48244,581.788
0,20,-3.91855,31.4549
0.01,20,-3.9208,31.453
0.02,20,-3.92304,31.4515
0.035,20,-3.92642,31.4503
0.0575,20,-3.93145,31.4504
0.0575,20,-3.93148,31.4504
